Folder,Subfolder,Site,Lon,Lat,Comment,Color
1st Cluster,OnAir,KIE IND GOR,30.50806,50.42364,04-12-15,green
1st Cluster,OnAir,KIE KIE AMO,30.49806,50.42,09-10-15,green
1st Cluster,OnAir,KIE KIE BOL,30.43516579,50.452056,06-11-15,green
1st Cluster,OnAir,KIE KIE BRM,30.47853,50.44819,26-10-15,green
1st Cluster,OnAir,KIE KIE CHB,30.45582915,50.42972,28-09-15,green
1st Cluster,OnAir,KIE KIE CHZ,30.4670366,50.4234461,24-11-15,green
1st Cluster,OnAir,KIE KIE EAC,30.41921915,50.454,16-10-15,green
1st Cluster,OnAir,KIE KIE ERE,30.46056,50.43417,26-10-15,green
1st Cluster,OnAir,KIE KIE FUT,30.47288879,50.43819,10-11-15,green
1st Cluster,OnAir,KIE KIE GRT,30.434111,50.448083,14-12-15,green
1st Cluster,OnAir,KIE KIE GRU,30.42944,50.45111,16-10-15,green
1st Cluster,OnAir,KIE KIE GSV,30.41972,50.44167,16-10-15,green
1st Cluster,OnAir,KIE KIE IDS,30.44332915,50.44944,16-10-15,green
1st Cluster,OnAir,KIE KIE IND,30.46072,50.44658,17-11-15,green
1st Cluster,OnAir,KIE KIE INP,30.44347,50.44492,11-11-15,green
1st Cluster,OnAir,KIE KIE ISK,30.45971915,50.43861,29-09-15,green
1st Cluster,OnAir,KIE KIE K20,30.48644,50.43011,09-12-15,green
1st Cluster,OnAir,KIE KIE K82,30.48097181,50.41369678,24-11-15,green
1st Cluster,OnAir,KIE KIE KAM,30.486611,50.403722,30-11-15,green
1st Cluster,OnAir,KIE KIE KAR,30.42527915,50.43056,14-03-16,green
1st Cluster,OnAir,KIE KIE KDR,30.48332915,50.42972,28-09-15,green
1st Cluster,OnAir,KIE KIE KIR,30.50943879,50.41194,26-10-15,green
1st Cluster,OnAir,KIE KIE KIS,30.46417,50.42917,06-11-15,green
1st Cluster,OnAir,KIE KIE KLM,30.47667,50.42278,26-10-15,green
1st Cluster,OnAir,KIE KIE KLN,30.48988879,50.41783,11-11-15,green
1st Cluster,OnAir,KIE KIE KMR,30.41889,50.43722,06-11-15,green
1st Cluster,OnAir,KIE KIE KMZ,30.44722,50.42083,28-09-15,green
1st Cluster,OnAir,KIE KIE KOM,30.40693915,50.43556,10-11-15,green
1st Cluster,OnAir,KIE KIE KPI,30.44778,50.43972,16-10-15,green
1st Cluster,OnAir,KIE KIE KSM,30.44917,50.42889,17-11-15,green
1st Cluster,OnAir,KIE KIE KUM,30.43796915,50.43825,23-12-15,green
1st Cluster,OnAir,KIE KIE LE2,30.40778,50.43889,04-12-15,green
1st Cluster,OnAir,KIE KIE LEP,30.40919,50.44492,18-11-15,green
1st Cluster,OnAir,KIE KIE LKM,30.44013915,50.442,25-11-15,green
1st Cluster,OnAir,KIE KIE LKS,30.48380879,50.43939,09-11-15,green
1st Cluster,OnAir,KIE KIE LPE,30.41056,50.43472,30-10-15,green
1st Cluster,OnAir,KIE KIE LPS,30.41221915,50.43056,16-10-15,green
1st Cluster,OnAir,KIE KIE MDG,30.45138915,50.42306,10-11-15,green
1st Cluster,OnAir,KIE KIE MKR,30.472167,50.425889,23-11-15,green
1st Cluster,OnAir,KIE KIE NAR,30.45861,50.42194,28-09-15,green
1st Cluster,OnAir,KIE KIE NPL,30.44278,50.43361,09-10-15,green
1st Cluster,OnAir,KIE KIE NTO,30.43721915,50.45556,04-11-15,green
1st Cluster,OnAir,KIE KIE OPO,30.45408,50.41356,28-09-15,green
1st Cluster,OnAir,KIE KIE OTA,30.42660915,50.42514,06-11-15,green
1st Cluster,OnAir,KIE KIE OTR,30.42639,50.41639,26-10-15,green
1st Cluster,OnAir,KIE KIE P87,30.383139,50.456778,19-11-15,green
1st Cluster,OnAir,KIE KIE PB2,30.43182879,50.45586,24-11-15,green
1st Cluster,OnAir,KIE KIE PLT,30.465,50.448361,19-11-15,green
1st Cluster,OnAir,KIE KIE PLV,30.45056,50.44472,10-11-15,green
1st Cluster,OnAir,KIE KIE POL,30.46636394,50.4508839,13-11-15,green
1st Cluster,OnAir,KIE KIE PRO,30.50313815,50.428667,13-11-15,green
1st Cluster,OnAir,KIE KIE PYL,30.46553392,50.41549102,21-03-16,green
1st Cluster,OnAir,KIE KIE RDI,30.40861,50.44778,18-11-15,green
1st Cluster,OnAir,KIE KIE RLY,30.42652715,50.444083,19-11-15,green
1st Cluster,OnAir,KIE KIE RYN,30.449889,50.436361,08-12-15,green
1st Cluster,OnAir,KIE KIE SEP,30.46071915,50.42564,12-11-15,green
1st Cluster,OnAir,KIE KIE SHL,30.44722,50.45306,16-10-15,green
1st Cluster,OnAir,KIE KIE SKA,30.47944315,50.445,12-11-15,green
1st Cluster,OnAir,KIE KIE SLG,30.50602915,50.42564,10-11-15,green
1st Cluster,OnAir,KIE KIE SLP,30.47333,50.43167,26-10-15,green
1st Cluster,OnAir,KIE KIE SME,30.44064,50.42631,26-10-15,green
1st Cluster,OnAir,KIE KIE SOV,30.49083372,50.40917067,13-11-15,green
1st Cluster,OnAir,KIE KIE SR3,30.47555915,50.43381,12-11-15,green
1st Cluster,OnAir,KIE KIE SRN,30.48194191,50.42328013,13-11-15,green
1st Cluster,OnAir,KIE KIE SUR,30.47863003,50.43500458,11-11-15,green
1st Cluster,OnAir,KIE KIE SVS,30.41497079,50.443389,07-12-15,green
1st Cluster,OnAir,KIE KIE TUR,30.46344,50.41272,13-11-15,green
1st Cluster,OnAir,KIE KIE ULT,30.49222,50.43583,16-10-15,green
1st Cluster,OnAir,KIE KIE URI,30.48436744,50.43303305,10-11-15,green
1st Cluster,OnAir,KIE KIE URS,30.489278,50.435472,30-12-15,green
1st Cluster,OnAir,KIE KIE VBG,30.43786,50.45006,28-09-15,green
1st Cluster,OnAir,KIE KIE VLG,30.49999915,50.42306,09-10-15,green
1st Cluster,OnAir,KIE KIE VLN,30.43871915,50.42044,24-12-15,green
1st Cluster,OnAir,KIE KIE VOL,30.49111,50.42628,29-10-15,green
1st Cluster,OnAir,KIE KIE VOZ,30.47733179,50.437722,28-11-15,green
1st Cluster,OnAir,KIE KIE VSL,30.42025,50.44978,21-10-15,green
1st Cluster,OnAir,KIE KIE VYB,30.44667,50.45028,16-10-15,green
1st Cluster,OnAir,KIE KIE YTR,30.4820279,50.4407822,09-10-15,green
1st Cluster,OnAir,KIE KIE ZGS,30.42944,50.44694,10-11-15,green
1st Cluster,OnAir,KIE KIE ZHU,30.43749879,50.41194,17-11-15,green
1st Cluster,Not,KIE KIE BSL,30.43375,50.43089,12-05-16,orange
1st Cluster,Not,KIE KIE E18,30.46138815,50.43625,31-03-16,orange
1st Cluster,Not,KIE KIE NVG,50.426135,30.448184,10-04-16,orange
1st Cluster,Not,KIE KIE OSR,50.43563,30.484579,05-04-16,orange
1st Cluster,Not,KIE KIE P17,50.449051,30.470462,30-04-16,orange
1st Cluster,Not,KIE KIE PGR,30.476028,50.419111,31-03-16,orange
1st Cluster,Not,KIE KIE PUL,50.417178,30.466177,14-04-16,orange
1st Cluster,Not,KIE KIE SLM,30.48930879,50.42106,29-03-16,orange
1st Cluster,Not,KIE KIE SLN,50.42727,30.476628,20-04-16,orange
1st Cluster,Not,KIE KIE TPK,30.43778,50.44525,12-05-16,orange
1st Cluster,Not,KIE KIE UKU,50.435404,30.465833,12-05-16,orange
1st Cluster,Not,KIE KIE YAB,30.44430915,50.43731,12-05-16,orange
1st Cluster,Not,KIE KIE,50.414273,30.46773,14-04-16,orange
1st Cluster,Not,KIE KIE,50.434835,30.472331,22-04-16,orange
1st Cluster,Not,KIE KIE,50.432379,30.477566,30-04-16,orange
1st Cluster,Not,KIE KIE,50.438753,30.430662,30-05-16,orange
1st Cluster,Not,KIE KIE,50.43082,30.489255,20-06-16,orange
1st Cluster,Not,KIE KIE,50.449505,30.460607,20-06-16,orange
1st Cluster,Not,KIE KIE,50.44786,30.450814,20-06-16,orange
2nd Cluster,OnAir,KIE KIE 3SV,30.52192,50.45592,16-10-15,green
2nd Cluster,OnAir,KIE KIE ALB,30.48889,50.48333,28-09-15,green
2nd Cluster,OnAir,KIE KIE AND,30.52408,50.4635,08-12-15,green
2nd Cluster,OnAir,KIE KIE ANU,30.51486359,50.45928373,02-12-15,green
2nd Cluster,OnAir,KIE KIE ART,30.48974136,50.4568622,26-10-15,green
2nd Cluster,OnAir,KIE KIE AVA,30.50705819,50.4458339,26-10-15,green
2nd Cluster,OnAir,KIE KIE B17,30.52083,50.46356,07-12-15,green
2nd Cluster,OnAir,KIE KIE BAG,30.48180915,50.46969,29-10-15,green
2nd Cluster,OnAir,KIE KIE BAK,30.45108,50.48203,13-11-15,green
2nd Cluster,OnAir,KIE KIE BGG,30.4775,50.47083,28-09-15,green
2nd Cluster,OnAir,KIE KIE BGV,30.46972,50.47167,16-10-15,green
2nd Cluster,OnAir,KIE KIE BHM,30.49806,50.44778,04-12-15,green
2nd Cluster,OnAir,KIE KIE BHT,30.49664398,50.45619085,28-09-15,green
2nd Cluster,OnAir,KIE KIE BKV,30.52010431,50.44166,16-10-15,green
2nd Cluster,OnAir,KIE KIE BLC,30.44332879,50.49472,28-09-15,green
2nd Cluster,OnAir,KIE KIE BND,30.462056,50.495,13-11-15,green
2nd Cluster,OnAir,KIE KIE BRD,30.47971915,50.45889,19-01-16,green
2nd Cluster,OnAir,KIE KIE BRL,30.44172,50.47578,26-10-15,green
2nd Cluster,OnAir,KIE KIE BRS,30.42861,50.45972,16-10-15,green
2nd Cluster,OnAir,KIE KIE BSH,30.51239285,50.44419543,23-12-15,green
2nd Cluster,OnAir,KIE KIE CRN,30.47999879,50.45167,16-10-15,green
2nd Cluster,OnAir,KIE KIE DEB,30.51511286,50.4484483,28-09-15,green
2nd Cluster,OnAir,KIE KIE DEG,30.44994,50.46628,04-12-15,green
2nd Cluster,OnAir,KIE KIE DES,30.52278,50.45861,16-10-15,green
2nd Cluster,OnAir,KIE KIE DG2,30.44472,50.4625,26-10-15,green
2nd Cluster,OnAir,KIE KIE DG3,30.45777915,50.45944,16-10-15,green
2nd Cluster,OnAir,KIE KIE DG5,30.45556,50.4625,11-11-15,green
2nd Cluster,OnAir,KIE KIE DGT,30.46083,50.46047,30-10-15,green
2nd Cluster,OnAir,KIE KIE DMT,30.51838639,50.42924933,01-12-15,green
2nd Cluster,OnAir,KIE KIE DNI,30.52502249,50.45136085,09-11-15,green
2nd Cluster,OnAir,KIE KIE DOM,30.52724845,50.45323068,28-09-15,green
2nd Cluster,OnAir,KIE KIE DOR,30.46194825,50.47000525,26-10-15,green
2nd Cluster,OnAir,KIE KIE DPF,30.52367,50.45122,28-09-15,green
2nd Cluster,OnAir,KIE KIE DSP,30.5229978,50.43755238,04-12-15,green
2nd Cluster,OnAir,KIE KIE DST,30.52,50.4575,23-12-15,green
2nd Cluster,OnAir,KIE KIE DUB,30.43278,50.47833,24-11-15,green
2nd Cluster,OnAir,KIE KIE DVZ,30.450917,50.459778,27-11-15,green
2nd Cluster,OnAir,KIE KIE ELE,30.50569315,50.476333,04-12-15,green
2nd Cluster,OnAir,KIE KIE FRL,30.51492,50.46264,02-12-15,green
2nd Cluster,OnAir,KIE KIE FRU,30.47361,50.48583,16-10-15,green
2nd Cluster,OnAir,KIE KIE FRY,30.515111,50.4318901,06-11-15,green
2nd Cluster,OnAir,KIE KIE FRZ,30.47583,50.48306,28-09-15,green
2nd Cluster,OnAir,KIE KIE GAY,30.49693915,50.43833,28-09-15,green
2nd Cluster,OnAir,KIE KIE GBU,30.50492,50.46289,13-11-15,green
2nd Cluster,OnAir,KIE KIE GLB,30.49889,50.4625,28-09-15,green
2nd Cluster,OnAir,KIE KIE GLY,30.49131,50.46297,28-09-15,green
2nd Cluster,OnAir,KIE KIE GOG,30.49889,50.45417,29-09-15,green
2nd Cluster,OnAir,KIE KIE GRX,30.49361,50.44961,09-10-15,green
2nd Cluster,OnAir,KIE KIE GYD,30.50027915,50.43556,28-09-15,green
2nd Cluster,OnAir,KIE KIE HAY,30.51897574,50.45294542,23-11-15,green
2nd Cluster,OnAir,KIE KIE HLB,30.52027915,50.43556,04-12-15,green
2nd Cluster,OnAir,KIE KIE HME,30.513,50.445861,13-11-15,green
2nd Cluster,OnAir,KIE KIE HOS,30.52986103,50.43272762,16-10-15,green
2nd Cluster,OnAir,KIE KIE HRZ,30.46255915,50.47425,21-10-15,green
2nd Cluster,OnAir,KIE KIE ILI,30.52133,50.46497,20-10-15,green
2nd Cluster,OnAir,KIE KIE INI,30.42461,50.46178,28-09-15,green
2nd Cluster,OnAir,KIE KIE IVF,30.5095225,50.44747305,16-10-15,green
2nd Cluster,OnAir,KIE KIE JIL,30.49498704,50.44065188,06-11-15,green
2nd Cluster,OnAir,KIE KIE K44,30.51577879,50.43708,30-10-15,green
2nd Cluster,OnAir,KIE KIE KCB,30.49943879,50.44539,28-09-15,green
2nd Cluster,OnAir,KIE KIE KDU,30.49797,50.45825,28-09-15,green
2nd Cluster,OnAir,KIE KIE KGB,30.5119682,50.45153373,30-10-15,green
2nd Cluster,OnAir,KIE KIE KML,30.52256,50.46894,02-12-15,green
2nd Cluster,OnAir,KIE KIE KMP,30.45738729,50.483667,08-12-15,green
2nd Cluster,OnAir,KIE KIE KOO,30.5090331,50.43591085,28-09-15,green
2nd Cluster,OnAir,KIE KIE KOP,30.46888779,50.485389,26-11-15,green
2nd Cluster,OnAir,KIE KIE KOR,30.5143836,50.4301722,25-11-15,green
2nd Cluster,OnAir,KIE KIE KRE,30.51966357,50.44894238,13-11-15,green
2nd Cluster,OnAir,KIE KIE KSS,30.50474825,50.44852763,02-12-15,green
2nd Cluster,OnAir,KIE KIE KST,30.52463317,50.4532761,06-11-15,green
2nd Cluster,OnAir,KIE KIE KUR,30.44722,50.48028,19-11-15,green
2nd Cluster,OnAir,KIE KIE LTP,30.51697362,50.4400259,19-11-15,green
2nd Cluster,OnAir,KIE KIE LVI,30.50528,50.4575,02-12-15,green
2nd Cluster,OnAir,KIE KIE LVZ,30.50182711,50.4588361,28-09-15,green
2nd Cluster,OnAir,KIE KIE M25,30.51138718,50.46866667,15-02-16,green
2nd Cluster,OnAir,KIE KIE MAR,30.50861015,50.441,13-11-15,green
2nd Cluster,OnAir,KIE KIE MEL,30.47472,50.46556,16-10-15,green
2nd Cluster,OnAir,KIE KIE MHA,30.52202643,50.45372085,01-03-16,green
2nd Cluster,OnAir,KIE KIE MIH,30.51705137,50.45454033,01-12-15,green
2nd Cluster,OnAir,KIE KIE MRV,30.47389,50.4975,28-09-15,green
2nd Cluster,OnAir,KIE KIE NAB,30.52666915,50.45806,09-10-15,green
2nd Cluster,OnAir,KIE KIE NAG,30.48427692,50.47158,16-10-15,green
2nd Cluster,OnAir,KIE KIE NHL,30.45647,50.47308,26-10-15,green
2nd Cluster,OnAir,KIE KIE NKS,30.485,50.48306,28-09-15,green
2nd Cluster,OnAir,KIE KIE NL1,30.52167,50.47278,09-10-15,green
2nd Cluster,OnAir,KIE KIE NL2,30.51139,50.47639,28-09-15,green
2nd Cluster,OnAir,KIE KIE NLG,30.51277915,50.47111,24-11-15,green
2nd Cluster,OnAir,KIE KIE NPB,30.52528,50.46,22-12-15,green
2nd Cluster,OnAir,KIE KIE NUR,30.49536026,50.46577778,28-12-15,green
2nd Cluster,OnAir,KIE KIE NVK,30.49405515,50.478583,30-12-15,green
2nd Cluster,OnAir,KIE KIE OGN,30.50644464,50.4511339,02-12-15,green
2nd Cluster,OnAir,KIE KIE OPR,30.50000285,50.44805848,04-12-15,green
2nd Cluster,OnAir,KIE KIE PAN,30.50279894,50.4406378,29-09-15,green
2nd Cluster,OnAir,KIE KIE PAT,30.51361639,50.4275239,09-10-15,green
2nd Cluster,OnAir,KIE KIE PB6,30.48667,50.44592,05-10-15,green
2nd Cluster,OnAir,KIE KIE PBD,30.43831,50.45983,28-09-15,green
2nd Cluster,OnAir,KIE KIE PHA,30.51997,50.46264,16-10-15,green
2nd Cluster,OnAir,KIE KIE PIB,30.51929891,50.45181373,21-10-15,green
2nd Cluster,OnAir,KIE KIE PIR,30.50453286,50.44725,27-11-15,green
2nd Cluster,OnAir,KIE KIE PKK,30.47,50.49083,28-09-15,green
2nd Cluster,OnAir,KIE KIE PLS,30.51794,50.44233,04-12-15,green
2nd Cluster,OnAir,KIE KIE PLZ,30.52205284,50.44141543,11-11-15,green
2nd Cluster,OnAir,KIE KIE PM8,30.49211,50.45842,13-11-15,green
2nd Cluster,OnAir,KIE KIE PMN,30.49377679,50.46103611,09-11-15,green
2nd Cluster,OnAir,KIE KIE PNR,30.51319359,50.45568049,10-11-15,green
2nd Cluster,OnAir,KIE KIE POD,30.5175,50.46639,10-04-16,green
2nd Cluster,OnAir,KIE KIE PTL,30.49711015,50.444083,24-11-15,green
2nd Cluster,OnAir,KIE KIE PUS,30.51806,50.44583,26-10-15,green
2nd Cluster,OnAir,KIE KIE RST,30.52092,50.43911,02-12-15,green
2nd Cluster,OnAir,KIE KIE RYB,30.53388879,50.47778,04-12-15,green
2nd Cluster,OnAir,KIE KIE RYM,30.52616404,50.47524695,09-10-15,green
2nd Cluster,OnAir,KIE KIE S13,30.609389,50.513917,22-12-15,green
2nd Cluster,OnAir,KIE KIE SAK,30.51335821,50.43458322,29-10-15,green
2nd Cluster,OnAir,KIE KIE SAS,30.51008682,50.45136457,29-10-15,green
2nd Cluster,OnAir,KIE KIE SCH,30.44042,50.47022,29-10-15,green
2nd Cluster,OnAir,KIE KIE SGD,30.52144,50.46167,16-10-15,green
2nd Cluster,OnAir,KIE KIE SHO,30.47633504,50.45322763,16-10-15,green
2nd Cluster,OnAir,KIE KIE SHR,30.51749879,50.4375,10-11-15,green
2nd Cluster,OnAir,KIE KIE SHU,30.44193915,50.45806,09-10-15,green
2nd Cluster,OnAir,KIE KIE SIE,30.52269823,50.4266983,25-11-15,green
2nd Cluster,OnAir,KIE KIE SKG,30.501667,50.439389,09-12-15,green
2nd Cluster,OnAir,KIE KIE SKL,30.46627679,50.494389,04-12-15,green
2nd Cluster,OnAir,KIE KIE SKS,30.50443879,50.4375,12-11-15,green
2nd Cluster,OnAir,KIE KIE SKV,30.516889,50.473639,31-03-16,green
2nd Cluster,OnAir,KIE KIE SMR,30.43694,50.46278,29-09-15,green
2nd Cluster,OnAir,KIE KIE SPO,30.5186664,50.43178678,28-09-15,green
2nd Cluster,OnAir,KIE KIE SST,30.48527715,50.459306,28-01-16,green
2nd Cluster,OnAir,KIE KIE STH,30.52861,50.42806,16-10-15,green
2nd Cluster,OnAir,KIE KIE SYR,30.45611,50.48972,28-09-15,green
2nd Cluster,OnAir,KIE KIE T39,30.453778,50.47975,08-12-15,green
2nd Cluster,OnAir,KIE KIE T61,30.46161,50.48228,08-12-15,green
2nd Cluster,OnAir,KIE KIE T77,30.50833179,50.47075,15-02-16,green
2nd Cluster,OnAir,KIE KIE TAR,30.50771915,50.44022,04-12-15,green
2nd Cluster,OnAir,KIE KIE TAT,30.47450335,50.47041561,27-11-15,green
2nd Cluster,OnAir,KIE KIE TGN,30.4925,50.45139,29-09-15,green
2nd Cluster,OnAir,KIE KIE TN8,30.42683215,50.466139,29-01-16,green
2nd Cluster,OnAir,KIE KIE TOL,30.4994239,50.44277848,23-12-15,green
2nd Cluster,OnAir,KIE KIE TPP,30.50568915,50.45489,02-12-15,green
2nd Cluster,OnAir,KIE KIE TRE,30.515,50.44556,30-09-15,green
2nd Cluster,OnAir,KIE KIE TRG,30.48952464,50.45499627,07-12-15,green
2nd Cluster,OnAir,KIE KIE TRH,30.47849915,50.48708,26-10-15,green
2nd Cluster,OnAir,KIE KIE TRS,30.50433923,50.4337283,16-10-15,green
2nd Cluster,OnAir,KIE KIE TYR,30.514778,50.473861,17-11-15,green
2nd Cluster,OnAir,KIE KIE URF,30.51930804,50.47100153,02-12-15,green
2nd Cluster,OnAir,KIE KIE URK,30.49917,50.47222,28-09-15,green
2nd Cluster,OnAir,KIE KIE USA,30.43347,50.46511,27-11-15,green
2nd Cluster,OnAir,KIE KIE UUK,30.49167,50.44611,01-12-15,green
2nd Cluster,OnAir,KIE KIE VKZ,30.49111,50.44028,09-11-15,green
2nd Cluster,OnAir,KIE KIE VL2,30.51380749,50.4478878,20-11-15,green
2nd Cluster,OnAir,KIE KIE VLA,30.50919671,50.4385,28-09-15,green
2nd Cluster,OnAir,KIE KIE VLH,30.51139,50.47278,02-12-15,green
2nd Cluster,OnAir,KIE KIE VO2,30.48833,50.44306,01-12-15,green
2nd Cluster,OnAir,KIE KIE VOK,30.4925,50.44389,06-11-15,green
2nd Cluster,OnAir,KIE KIE VOR,30.49950405,50.45141695,19-11-15,green
2nd Cluster,OnAir,KIE KIE VV2,30.50806,50.46139,16-10-15,green
2nd Cluster,OnAir,KIE KIE X44,30.51936,50.44397,30-10-15,green
2nd Cluster,OnAir,KIE KIE XPR,30.501222,50.446222,02-12-15,green
2nd Cluster,OnAir,KIE KIE Y33,30.50610879,50.45389,28-09-15,green
2nd Cluster,OnAir,KIE KIE YVA,30.51275394,50.45022458,28-09-15,green
2nd Cluster,OnAir,KIE KIE YVL,30.50974915,50.454028,02-12-15,green
2nd Cluster,OnAir,KIE KIE ZHM,30.51119468,50.46458373,28-09-15,green
2nd Cluster,OnAir,KIE KIE ZLT,30.48546714,50.45158153,09-10-15,green
2nd Cluster,OnAir,KIE KIE ZOO,30.47056,50.4625,04-12-15,green
2nd Cluster,OnAir,KIE KIE ZUM,30.52174548,50.44271848,02-12-15,green
2nd Cluster,Not,KIE KIE 84T,50.468696,30.48735,15-04-16,orange
2nd Cluster,Not,KIE KIE AN1,50.425688,30.515764,25-04-16,orange
2nd Cluster,Not,KIE KIE ANV,30.51492,50.42339,25-04-16,orange
2nd Cluster,Not,KIE KIE AVO,50.437852,30.511872,31-03-16,orange
2nd Cluster,Not,KIE KIE BG1,30.52182784,50.4498561,15-05-16,orange
2nd Cluster,Not,KIE KIE DMI,30.48777715,50.455833,31-03-16,orange
2nd Cluster,Not,KIE KIE INR,30.50877715,50.432361,30-04-16,orange
2nd Cluster,Not,KIE KIE K32,30.520583,50.447028,20-04-16,orange
2nd Cluster,Not,KIE KIE KON,50.469265,30.506267,31-03-16,orange
2nd Cluster,Not,KIE KIE KTZ,50.453763,30.520603,25-04-16,orange
2nd Cluster,Not,KIE KIE LAB,30.51388915,50.42481,25-04-16,orange
2nd Cluster,Not,KIE KIE LKV,0,1,18-04-16,orange
2nd Cluster,Not,KIE KIE MEZ,30.504056,50.473667,25-05-16,orange
2nd Cluster,Not,KIE KIE MRB,30.47847079,50.455083,25-04-16,orange
2nd Cluster,Not,KIE KIE MTE,30.51706,50.44839,28-05-16,orange
2nd Cluster,Not,KIE KIE O29,50.472266,30.508284,10-05-16,orange
2nd Cluster,Not,KIE KIE OBS,50.453486,30.502532,29-04-16,orange
2nd Cluster,Not,KIE KIE P08,50.461581,30.516721,29-04-16,orange
2nd Cluster,Not,KIE KIE P22,30.47138815,50.450806,30-04-16,orange
2nd Cluster,Not,KIE KIE PAV,30.488139,50.452694,20-05-16,orange
2nd Cluster,Not,KIE KIE PRH,30.52580915,50.43589,30-04-16,orange
2nd Cluster,Not,KIE KIE PRS,30.52056,50.42444,23-03-16,orange
2nd Cluster,Not,KIE KIE PSK,30.51942,50.44617,31-03-16,orange
2nd Cluster,Not,KIE KIE SPS,50.46544,30.516056,25-05-16,orange
2nd Cluster,Not,KIE KIE SRS,30.532528,50.428278,31-03-16,orange
2nd Cluster,Not,KIE KIE T85,50.470358,30.505196,30-04-16,orange
2nd Cluster,Not,KIE KIE TT9,50.465545,30.485166,20-05-16,orange
2nd Cluster,Not,KIE KIE UNI,50.4421819,30.50998344,30-05-16,orange
2nd Cluster,Not,KIE KIE V15,30.45805829,50.38514,21-04-16,orange
2nd Cluster,Not,KIE KIE V5A,50.456529,30.519122,29-04-16,orange
2nd Cluster,Not,KIE KIE VAT,50.438871,30.498745,14-05-16,orange
2nd Cluster,Not,KIE KIE VDM,30.51625,50.45667,10-05-16,orange
2nd Cluster,Not,KIE KIE VLK,30.51769315,50.424917,15-06-16,orange
2nd Cluster,Not,KIE KIE VS1,50.423893,30.517642,25-04-16,orange
2nd Cluster,Not,KIE KIE YAZ,30.51869315,50.426778,28-04-16,orange
2nd Cluster,Not,KIE KIE ZHI,30.52133215,50.452667,31-03-16,orange
2nd Cluster,Not,KIE KIE,50.439679,30.514956,14-05-16,orange
2nd Cluster,Not,KIE KIE,50.454385,30.484483,25-05-16,orange
2nd Cluster,Not,KIE KIE,50.461495,30.474664,27-05-16,orange
2nd Cluster,Not,KIE KIE,50.45131333,30.51583401,29-05-16,orange
2nd Cluster,Not,KIE KIE,50.456927,30.50171,30-05-16,orange
2nd Cluster,Not,KIE KIE,50.454611,30.46017,30-05-16,orange
2nd Cluster,Not,KIE KIE,50.454837,30.494032,20-06-16,orange
2nd Cluster,Not,KIE KIE,50.454719,30.471858,20-06-16,orange
3rd Cluster,OnAir,KIE BOR LEN,30.69608,50.38525,04-01-16,green
3rd Cluster,OnAir,KIE IND AVR,30.59424915,50.485,21-12-15,green
3rd Cluster,OnAir,KIE IND IKN,30.51943915,50.45556,08-12-15,green
3rd Cluster,OnAir,KIE KIE 40L,30.49582915,50.3875,29-09-15,green
3rd Cluster,OnAir,KIE KIE 40Z,30.48546879,50.38672,31-03-16,green
3rd Cluster,OnAir,KIE KIE 4AL,30.32053,50.45086,10-12-15,green
3rd Cluster,OnAir,KIE KIE AFN,30.67221879,50.53389,04-12-15,green
3rd Cluster,OnAir,KIE KIE AGR,30.48774879,50.380556,08-12-15,green
3rd Cluster,OnAir,KIE KIE AKV,30.50917,50.51639,26-10-15,green
3rd Cluster,OnAir,KIE KIE ALC,30.48667,50.48972,04-12-15,green
3rd Cluster,OnAir,KIE KIE AMB,30.40533,50.48897,17-11-15,green
3rd Cluster,OnAir,KIE KIE AMU,30.4825,50.39333,02-12-15,green
3rd Cluster,OnAir,KIE KIE APR,30.36805915,50.42414,08-02-16,green
3rd Cluster,OnAir,KIE KIE ATK,30.39694,50.4525,28-09-15,green
3rd Cluster,OnAir,KIE KIE AVZ,30.4572235,50.51082932,26-10-15,green
3rd Cluster,OnAir,KIE KIE AZV,30.45306,50.51639,29-09-15,green
3rd Cluster,OnAir,KIE KIE B61,30.605,50.52044,23-12-15,green
3rd Cluster,OnAir,KIE KIE B79,30.60594,50.52767,23-12-15,green
3rd Cluster,OnAir,KIE KIE B84,30.61369315,50.526861,19-01-16,green
3rd Cluster,OnAir,KIE KIE B91,30.60790016,50.53205915,10-11-15,green
3rd Cluster,OnAir,KIE KIE BA1,30.60110915,50.51361,29-09-15,green
3rd Cluster,OnAir,KIE KIE BA2,30.60389,50.51556,28-09-15,green
3rd Cluster,OnAir,KIE KIE BA3,30.60944,50.51944,16-10-15,green
3rd Cluster,OnAir,KIE KIE BEL,30.33527915,50.49278,03-11-15,green
3rd Cluster,OnAir,KIE KIE BG2,30.49166915,50.54333,15-02-16,green
3rd Cluster,OnAir,KIE KIE BGT,30.48222,50.5125,28-09-15,green
3rd Cluster,OnAir,KIE KIE BKL,30.328306,50.489722,21-03-16,green
3rd Cluster,OnAir,KIE KIE BLH,30.355,50.47194,04-12-15,green
3rd Cluster,OnAir,KIE KIE BLZ,30.57666915,50.50222,21-10-15,green
3rd Cluster,OnAir,KIE KIE BRH,30.39431,50.43278,19-01-16,green
3rd Cluster,OnAir,KIE KIE BRK,30.361556,50.51625,27-11-15,green
3rd Cluster,OnAir,KIE KIE BST,30.4373275,50.51711457,28-09-15,green
3rd Cluster,OnAir,KIE KIE BTL,30.61117,50.49039,28-09-15,green
3rd Cluster,OnAir,KIE KIE BUB,30.50193879,50.39222,29-01-16,green
3rd Cluster,OnAir,KIE KIE BVY,30.61839,50.51475,15-12-15,green
3rd Cluster,OnAir,KIE KIE BZ2,30.6125,50.49708,09-10-15,green
3rd Cluster,OnAir,KIE KIE BZA,30.617,50.49342,04-12-15,green
3rd Cluster,OnAir,KIE KIE BZK,30.59194,50.51139,16-10-15,green
3rd Cluster,OnAir,KIE KIE CBK,30.40472115,50.47175,15-03-16,green
3rd Cluster,OnAir,KIE KIE CHR,30.34289,50.4595,03-12-15,green
3rd Cluster,OnAir,KIE KIE CNB,30.34694,50.46028,28-09-15,green
3rd Cluster,OnAir,KIE KIE D11,30.49829927,50.50513695,07-12-15,green
3rd Cluster,OnAir,KIE KIE D12,30.49855526,50.50900525,21-12-15,green
3rd Cluster,OnAir,KIE KIE D21,30.49841523,50.51558556,22-12-15,green
3rd Cluster,OnAir,KIE KIE DEP,30.38499915,50.45944,01-12-15,green
3rd Cluster,OnAir,KIE KIE DNE,30.47556,50.56139,15-12-15,green
3rd Cluster,OnAir,KIE KIE DNV,30.46360915,50.56667,25-11-15,green
3rd Cluster,OnAir,KIE KIE DOK,30.4825,50.52611,02-12-15,green
3rd Cluster,OnAir,KIE KIE DON,30.30693915,50.435,17-11-15,green
3rd Cluster,OnAir,KIE KIE DRZ,30.41228,50.45533,16-10-15,green
3rd Cluster,OnAir,KIE KIE ECA,30.407667,50.457361,25-11-15,green
3rd Cluster,OnAir,KIE KIE ELT,30.62694,50.51306,16-10-15,green
3rd Cluster,OnAir,KIE KIE EP7,30.48071879,50.52097,25-11-15,green
3rd Cluster,OnAir,KIE KIE EST,30.41117,50.46369,29-10-15,green
3rd Cluster,OnAir,KIE KIE ETZ,30.39775,50.422028,21-12-15,green
3rd Cluster,OnAir,KIE KIE EXP,30.39972,50.46972,16-10-15,green
3rd Cluster,OnAir,KIE KIE FEO,30.48111,50.35486,11-12-15,green
3rd Cluster,OnAir,KIE KIE FLO,30.60194,50.44472,09-10-15,green
3rd Cluster,OnAir,KIE KIE FO2,30.48905879,50.35819,27-11-15,green
3rd Cluster,OnAir,KIE KIE FOB,30.48917,50.36228,15-12-15,green
3rd Cluster,OnAir,KIE KIE FOR,30.41250252,50.51219305,04-12-15,green
3rd Cluster,OnAir,KIE KIE FRT,30.417917,50.515583,17-11-15,green
3rd Cluster,OnAir,KIE KIE G19,30.49044,50.521,19-02-16,green
3rd Cluster,OnAir,KIE KIE G65,30.51583,50.52667,09-11-15,green
3rd Cluster,OnAir,KIE KIE G79,30.51128,50.52339,02-02-16,green
3rd Cluster,OnAir,KIE KIE GAR,30.56868915,50.48469,10-11-15,green
3rd Cluster,OnAir,KIE KIE GD2,30.49306,50.52278,09-10-15,green
3rd Cluster,OnAir,KIE KIE GDP,30.57028,50.4425,09-11-15,green
3rd Cluster,OnAir,KIE KIE GER,30.51444,50.52028,26-10-15,green
3rd Cluster,OnAir,KIE KIE GID,30.58111,50.44694,23-12-15,green
3rd Cluster,OnAir,KIE KIE GKS,30.3855,50.43522,28-09-15,green
3rd Cluster,OnAir,KIE KIE GL2,30.4475,50.36444,23-12-15,green
3rd Cluster,OnAir,KIE KIE GLK,30.60833,50.44417,29-12-15,green
3rd Cluster,OnAir,KIE KIE GLS,30.46222,50.37333,09-11-15,green
3rd Cluster,OnAir,KIE KIE GOL,30.48717,50.38442,02-12-15,green
3rd Cluster,OnAir,KIE KIE GON,30.41729534,50.5117844,01-12-15,green
3rd Cluster,OnAir,KIE KIE GOS,30.36492,50.49736,02-12-15,green
3rd Cluster,OnAir,KIE KIE GS5,30.52328,50.49975,04-11-15,green
3rd Cluster,OnAir,KIE KIE GS6,30.51056,50.51203,05-02-16,green
3rd Cluster,OnAir,KIE KIE HOL,30.49361,50.3975,08-12-15,green
3rd Cluster,OnAir,KIE KIE INT,30.40666879,50.47889,26-10-15,green
3rd Cluster,OnAir,KIE KIE IRP,30.35472,50.46053,14-12-15,green
3rd Cluster,OnAir,KIE KIE ITF,30.48110915,50.33944,23-11-15,green
3rd Cluster,OnAir,KIE KIE KBA,30.6,50.49261,16-10-15,green
3rd Cluster,OnAir,KIE KIE KBL,30.58767,50.49381,26-10-15,green
3rd Cluster,OnAir,KIE KIE KL2,30.38377915,50.41094,30-12-15,green
3rd Cluster,OnAir,KIE KIE KLC,30.37908,50.42039,30-10-15,green
3rd Cluster,OnAir,KIE KIE KNI,30.50045238,50.4876961,30-12-15,green
3rd Cluster,OnAir,KIE KIE KRA,30.38027915,50.46544,04-12-15,green
3rd Cluster,OnAir,KIE KIE KRB,30.47944,50.39708,28-12-15,green
3rd Cluster,OnAir,KIE KIE KRF,30.34536,50.54656,26-10-15,green
3rd Cluster,OnAir,KIE KIE KRN,30.48869,50.49439,09-11-15,green
3rd Cluster,OnAir,KIE KIE KRP,30.43639,50.51028,11-11-15,green
3rd Cluster,OnAir,KIE KIE KRT,30.38528,50.42417,15-12-15,green
3rd Cluster,OnAir,KIE KIE KSH,30.58569,50.50108,09-10-15,green
3rd Cluster,OnAir,KIE KIE KSN,30.45569315,50.378139,25-02-16,green
3rd Cluster,OnAir,KIE KIE KTH,30.40694,50.41722,26-10-15,green
3rd Cluster,OnAir,KIE KIE KUA,30.60443915,50.48575,29-10-15,green
3rd Cluster,OnAir,KIE KIE KVI,30.43389,50.50167,28-12-15,green
3rd Cluster,OnAir,KIE KIE LAV,30.605,50.50167,04-12-15,green
3rd Cluster,OnAir,KIE KIE LIT,30.36433,50.44369,04-12-15,green
3rd Cluster,OnAir,KIE KIE LMN,30.47721915,50.38667,16-10-15,green
3rd Cluster,OnAir,KIE KIE LOM,30.49417,50.39194,16-12-15,green
3rd Cluster,OnAir,KIE KIE LRH,30.59625,50.5165,28-11-15,green
3rd Cluster,OnAir,KIE KIE LSK,30.60597,50.52325,29-09-15,green
3rd Cluster,OnAir,KIE KIE LSN,30.35567,50.54394,29-09-15,green
3rd Cluster,OnAir,KIE KIE LUG,30.46249701,50.50554932,06-11-15,green
3rd Cluster,OnAir,KIE KIE LUN,30.59221879,50.45167,05-10-15,green
3rd Cluster,OnAir,KIE KIE M51,30.60880915,50.51119,23-12-15,green
3rd Cluster,OnAir,KIE KIE M59,30.61052879,50.51311,23-12-15,green
3rd Cluster,OnAir,KIE KIE M69,30.61485879,50.51617,15-12-15,green
3rd Cluster,OnAir,KIE KIE MA1,30.462583,50.519806,19-01-16,green
3rd Cluster,OnAir,KIE KIE MDK,30.52014,50.49631,23-12-15,green
3rd Cluster,OnAir,KIE KIE MGR,30.41194,50.48361,06-11-15,green
3rd Cluster,OnAir,KIE KIE MH2,30.49263915,50.35256,29-09-15,green
3rd Cluster,OnAir,KIE KIE MI5,30.6245,50.52711,15-12-15,green
3rd Cluster,OnAir,KIE KIE MI6,30.60316915,50.53383,13-11-15,green
3rd Cluster,OnAir,KIE KIE MIN,30.44743879,50.51989,10-11-15,green
3rd Cluster,OnAir,KIE KIE MJ2,30.59139,50.50278,28-09-15,green
3rd Cluster,OnAir,KIE KIE MJA,30.59607915,50.50283,29-03-16,green
3rd Cluster,OnAir,KIE KIE ML1,30.49399915,50.503667,11-02-16,green
3rd Cluster,OnAir,KIE KIE MLV,30.490972,50.505194,26-02-16,green
3rd Cluster,OnAir,KIE KIE MOM,30.56272,50.49411,21-12-15,green
3rd Cluster,OnAir,KIE KIE MST,30.44766701,50.50019763,29-02-16,green
3rd Cluster,OnAir,KIE KIE MYR,30.61475,50.44506,16-10-15,green
3rd Cluster,OnAir,KIE KIE NSB,30.58083,50.46317,11-11-15,green
3rd Cluster,OnAir,KIE KIE NVC,30.47944,50.37778,27-11-15,green
3rd Cluster,OnAir,KIE KIE NVM,30.43361,50.49889,09-11-15,green
3rd Cluster,OnAir,KIE KIE NZB,30.45903,50.5065,28-09-15,green
3rd Cluster,OnAir,KIE KIE O14,30.502889,50.507028,01-03-16,green
3rd Cluster,OnAir,KIE KIE OBA,30.57627581,50.49803085,19-01-16,green
3rd Cluster,OnAir,KIE KIE OBL,30.49588649,50.51133153,22-12-15,green
3rd Cluster,OnAir,KIE KIE OBR,30.49472,50.38389,25-11-15,green
3rd Cluster,OnAir,KIE KIE OBU,30.328139,50.465056,31-03-16,green
3rd Cluster,OnAir,KIE KIE ODN,30.49999879,50.5,28-09-15,green
3rd Cluster,OnAir,KIE KIE ODS,30.4588635,50.36821322,14-12-15,green
3rd Cluster,OnAir,KIE KIE OFC,30.59755862,50.45519611,11-11-15,green
3rd Cluster,OnAir,KIE KIE OKI,30.59022,50.44939,21-12-15,green
3rd Cluster,OnAir,KIE KIE OLI,30.51583,50.51556,09-11-15,green
3rd Cluster,OnAir,KIE KIE OSI,30.44691579,50.513861,10-02-16,green
3rd Cluster,OnAir,KIE KIE OTD,30.3815,50.45064,20-11-15,green
3rd Cluster,OnAir,KIE KIE OZR,30.5205,50.49342,21-10-15,green
3rd Cluster,OnAir,KIE KIE P67,30.40599879,50.458028,14-12-15,green
3rd Cluster,OnAir,KIE KIE P85,30.39732915,50.50758,28-09-15,green
3rd Cluster,OnAir,KIE KIE PAL,30.35694,50.46778,26-10-15,green
3rd Cluster,OnAir,KIE KIE PDI,30.43413915,50.50425,10-02-16,green
3rd Cluster,OnAir,KIE KIE PER,30.598,50.46325,06-01-16,green
3rd Cluster,OnAir,KIE KIE PET,30.51486,50.48778,25-11-15,green
3rd Cluster,OnAir,KIE KIE PGB,30.38855915,50.45622,29-10-15,green
3rd Cluster,OnAir,KIE KIE PLE,30.3375,50.47194,09-11-15,green
3rd Cluster,OnAir,KIE KIE PLR,30.4636443,50.51744543,09-10-15,green
3rd Cluster,OnAir,KIE KIE PMG,30.36545803,50.45700368,03-03-16,green
3rd Cluster,OnAir,KIE KIE POB,30.39916915,50.45889,21-12-15,green
3rd Cluster,OnAir,KIE KIE PPD,30.35610879,50.455,10-12-15,green
3rd Cluster,OnAir,KIE KIE PPR,30.41222,50.50778,31-03-16,green
3rd Cluster,OnAir,KIE KIE PPV,30.46139,50.50194,27-11-15,green
3rd Cluster,OnAir,KIE KIE PRK,30.41771915,50.51075,21-10-15,green
3rd Cluster,OnAir,KIE KIE PRR,30.51031,50.51386,29-03-16,green
3rd Cluster,OnAir,KIE KIE PSE,30.40556,50.42194,04-12-15,green
3rd Cluster,OnAir,KIE KIE PUB,30.40520122,50.49491695,02-12-15,green
3rd Cluster,OnAir,KIE KIE PVD,30.44689,50.52589,04-12-15,green
3rd Cluster,OnAir,KIE KIE PZP,30.60072,50.47906,28-09-15,green
3rd Cluster,OnAir,KIE KIE R40,30.60035624,50.53041475,10-12-15,green
3rd Cluster,OnAir,KIE KIE R46,30.60166879,50.53122,22-12-15,green
3rd Cluster,OnAir,KIE KIE RDG,30.58333,50.49167,21-12-15,green
3rd Cluster,OnAir,KIE KIE RDN,30.595,50.52028,16-10-15,green
3rd Cluster,OnAir,KIE KIE RDZ,30.58522,50.48675,20-11-15,green
3rd Cluster,OnAir,KIE KIE ROL,30.36889,50.43244,04-12-15,green
3rd Cluster,OnAir,KIE KIE RSD,30.58727772,50.47074848,04-12-15,green
3rd Cluster,OnAir,KIE KIE RUB,30.35711,50.47567,29-10-15,green
3rd Cluster,OnAir,KIE KIE RUS,30.43889,50.53361,17-11-15,green
3rd Cluster,OnAir,KIE KIE SAB,30.59833,50.50722,29-10-15,green
3rd Cluster,OnAir,KIE KIE SEM,30.36722,50.46139,04-12-15,green
3rd Cluster,OnAir,KIE KIE SEV,30.50778,50.52833,17-11-15,green
3rd Cluster,OnAir,KIE KIE SH4,30.60155915,50.42531,29-12-15,green
3rd Cluster,OnAir,KIE KIE SIM,30.40610915,50.40472,26-10-15,green
3rd Cluster,OnAir,KIE KIE SLT,30.41138829,50.47389,04-12-15,green
3rd Cluster,OnAir,KIE KIE SLU,30.36861,50.47153,16-10-15,green
3rd Cluster,OnAir,KIE KIE SOF,30.470889,50.382278,23-11-15,green
3rd Cluster,OnAir,KIE KIE SRC,30.42138915,50.48889,28-09-15,green
3rd Cluster,OnAir,KIE KIE SRF,30.60499879,50.43528,16-10-15,green
3rd Cluster,OnAir,KIE KIE SRK,30.45643915,50.54647,09-11-15,green
3rd Cluster,OnAir,KIE KIE STC,30.37547115,50.4945,19-11-15,green
3rd Cluster,OnAir,KIE KIE STE,30.397972,50.485139,22-12-15,green
3rd Cluster,OnAir,KIE KIE SVB,30.42499915,50.51361,26-10-15,green
3rd Cluster,OnAir,KIE KIE SVE,30.42528,50.509,09-10-15,green
3rd Cluster,OnAir,KIE KIE SZU,30.44157915,50.39425,30-10-15,green
3rd Cluster,OnAir,KIE KIE T18,30.50325,50.51028,17-03-16,green
3rd Cluster,OnAir,KIE KIE T34,30.46443879,50.39222,10-11-15,green
3rd Cluster,OnAir,KIE KIE T5B,30.39442,50.47975,28-12-15,green
3rd Cluster,OnAir,KIE KIE TC6,30.63207915,50.53,04-12-15,green
3rd Cluster,OnAir,KIE KIE TEP,30.45042,50.36994,16-10-15,green
3rd Cluster,OnAir,KIE KIE TFU,30.61736,50.52222,11-12-15,green
3rd Cluster,OnAir,KIE KIE TI2,30.5025,50.51167,28-09-15,green
3rd Cluster,OnAir,KIE KIE TI3,30.50533175,50.5116139,28-09-15,green
3rd Cluster,OnAir,KIE KIE TLB,30.59886,50.421,29-03-16,green
3rd Cluster,OnAir,KIE KIE TLV,30.39999915,50.475,29-04-16,green
3rd Cluster,OnAir,KIE KIE TMP,30.61,50.44083,30-10-15,green
3rd Cluster,OnAir,KIE KIE TOS,30.55833,50.44917,29-09-15,green
3rd Cluster,OnAir,KIE KIE TOU,30.59658979,50.45097373,26-10-15,green
3rd Cluster,OnAir,KIE KIE TPL,30.40166915,50.48222,02-12-15,green
3rd Cluster,OnAir,KIE KIE TR1,30.45305915,50.36139,16-10-15,green
3rd Cluster,OnAir,KIE KIE TR2,30.45803,50.38181,23-12-15,green
3rd Cluster,OnAir,KIE KIE TR4,30.451222,50.381222,15-12-15,green
3rd Cluster,OnAir,KIE KIE TR5,30.450722,50.384389,25-02-16,green
3rd Cluster,OnAir,KIE KIE TRM,30.45417,50.375,09-11-15,green
3rd Cluster,OnAir,KIE KIE TSV,30.62705303,50.52191305,30-10-15,green
3rd Cluster,OnAir,KIE KIE TU2,30.38997,50.48778,28-09-15,green
3rd Cluster,OnAir,KIE KIE USU,30.41236,50.47078,04-12-15,green
3rd Cluster,OnAir,KIE KIE VIN,30.42805829,50.5075,21-10-15,green
3rd Cluster,OnAir,KIE KIE VK1,30.44917,50.37806,02-12-15,green
3rd Cluster,OnAir,KIE KIE VK2,30.45333,50.50556,09-11-15,green
3rd Cluster,OnAir,KIE KIE VOD,30.35883612,50.53386153,22-02-16,green
3rd Cluster,OnAir,KIE KIE VRH,30.35292,50.45222,10-12-15,green
3rd Cluster,OnAir,KIE KIE VRN,30.37891579,50.461528,10-11-15,green
3rd Cluster,OnAir,KIE KIE VS2,30.50528,50.39583,10-11-15,green
3rd Cluster,OnAir,KIE KIE VSK,30.48913319,50.39388848,11-11-15,green
3rd Cluster,OnAir,KIE KIE VYS,30.45233,50.56594,21-10-15,green
3rd Cluster,OnAir,KIE KIE YHT,30.53139,50.52917,09-10-15,green
3rd Cluster,OnAir,KIE KIE YKK,30.36966915,50.43633,04-12-15,green
3rd Cluster,OnAir,KIE KIE YKL,30.38066879,50.43564,03-11-15,green
3rd Cluster,OnAir,KIE KIE YKT,30.41556,50.41222,26-10-15,green
3rd Cluster,OnAir,KIE KIE YUR,30.383889,50.431139,27-11-15,green
3rd Cluster,OnAir,KIE KIE ZAB,30.47528,50.35778,30-09-15,green
3rd Cluster,OnAir,KIE KIE ZAK,30.61694,50.51056,04-12-15,green
3rd Cluster,OnAir,KIE KIE ZDC,30.36305915,50.43056,23-12-15,green
3rd Cluster,OnAir,KIE KIE ZGJ,30.49156,50.51747,19-02-16,green
3rd Cluster,OnAir,KIE KIE ZKR,30.61583,50.50333,30-10-15,green
3rd Cluster,OnAir,KIE KIE ZME,30.38693915,50.44528,04-12-15,green
3rd Cluster,OnAir,KIE KIE ZOY,30.48528,50.51694,30-09-15,green
3rd Cluster,OnAir,KIE KIE ZP5,30.44778,50.50667,28-09-15,green
3rd Cluster,OnAir,KIE KIE ZPD,30.44091915,50.50742,31-03-16,green
3rd Cluster,OnAir,KIE KOC MEB,30.321444,50.49325,01-03-16,green
3rd Cluster,OnAir,KIE KOC ZLZ,30.34128,50.48964,26-10-15,green
3rd Cluster,OnAir,KIE REC LN1,30.433,50.35294,16-10-15,green
3rd Cluster,OnAir,KIE REC NVS,30.44971879,50.35222,29-10-15,green
3rd Cluster,OnAir,KIE REC PT2,30.35332879,50.43694,09-10-15,green
3rd Cluster,Not,KIE KIE 7LN,30.36444,50.54939,30-04-16,orange
3rd Cluster,Not,KIE KIE AKA,30.36778,50.46694,27-04-16,orange
3rd Cluster,Not,KIE KIE AKC,50.464847,30.355474,31-03-16,orange
3rd Cluster,Not,KIE KIE ANT,30.395389,50.4585,30-05-16,orange
3rd Cluster,Not,KIE KIE ARX,30.44078,50.38153,20-04-16,orange
3rd Cluster,Not,KIE KIE B8B,50.499454,30.582197,30-04-16,orange
3rd Cluster,Not,KIE KIE BAN,30.60427915,50.428,30-04-16,orange
3rd Cluster,Not,KIE KIE BCH,50.431869,30.604937,20-04-16,orange
3rd Cluster,Not,KIE KIE BIL,50.45776,30.37523,31-03-16,orange
3rd Cluster,Not,KIE KIE BKO,30.38167,50.42322,28-04-16,orange
3rd Cluster,Not,KIE KIE BLG,50.411399,30.407124,28-04-16,orange
3rd Cluster,Not,KIE KIE BOG,50.520081,30.486408,30-05-16,orange
3rd Cluster,Not,KIE KIE BY7,30.621167,50.516417,31-03-16,orange
3rd Cluster,Not,KIE KIE CLB,30.59503,50.45858,28-05-16,orange
3rd Cluster,Not,KIE KIE D51,30.50341615,50.523528,30-05-16,orange
3rd Cluster,Not,KIE KIE D65,30.507333,50.523444,26-04-16,orange
3rd Cluster,Not,KIE KIE DAV,50.438577,30.598797,15-05-16,orange
3rd Cluster,Not,KIE KIE DVS,50.429098,30.59445,20-04-16,orange
3rd Cluster,Not,KIE KIE ENT,50.442632,30.594459,20-04-16,orange
3rd Cluster,Not,KIE KIE FES,30.61024829,50.506944,10-06-16,orange
3rd Cluster,Not,KIE KIE G14,50.507317,30.510875,15-06-16,orange
3rd Cluster,Not,KIE KIE G21,50.505293,30.508901,30-04-16,orange
3rd Cluster,Not,KIE KIE G36,30.50633,50.51972,29-03-16,orange
3rd Cluster,Not,KIE KIE G64,50.514296,30.494118,10-05-16,orange
3rd Cluster,Not,KIE KIE G68,50.510551,30.509668,10-06-16,orange
3rd Cluster,Not,KIE KIE GAV,30.50325,50.49736,17-04-16,orange
3rd Cluster,Not,KIE KIE GD9,30.59742,50.51844,20-05-16,orange
3rd Cluster,Not,KIE KIE GRA,50.519972,30.599693,20-05-16,orange
3rd Cluster,Not,KIE KIE K17,50.423345,30.372292,17-06-16,orange
3rd Cluster,Not,KIE KIE K8G,50.504085,30.587071,25-04-16,orange
3rd Cluster,Not,KIE KIE KAC,50.379157,30.461435,14-04-16,orange
3rd Cluster,Not,KIE KIE KIB,30.598,50.48969,20-05-16,orange
3rd Cluster,Not,KIE KIE KIN,30.50860915,50.39667,19-06-16,orange
3rd Cluster,Not,KIE KIE KLD,50.477476,30.346711,15-04-16,orange
3rd Cluster,Not,KIE KIE KLP,30.49099879,50.38975,21-04-16,orange
3rd Cluster,Not,KIE KIE KLS,50.425318,30.379039,17-06-16,orange
3rd Cluster,Not,KIE KIE KLV,50.417147,30.3842,28-04-16,orange
3rd Cluster,Not,KIE KIE KRV,30.47372,50.50597,15-04-16,orange
3rd Cluster,Not,KIE KIE KRY,50.464051,30.336352,20-05-16,orange
3rd Cluster,Not,KIE KIE KTL,50.452089,30.376007,19-04-16,orange
3rd Cluster,Not,KIE KIE KTV,50.427388,30.387694,17-06-16,orange
3rd Cluster,Not,KIE KIE KU4,50.482592,30.605941,15-04-16,orange
3rd Cluster,Not,KIE KIE L27,30.586,50.52275,31-03-16,orange
3rd Cluster,Not,KIE KIE L60,30.45946915,50.38369,30-04-16,orange
3rd Cluster,Not,KIE KIE LGV,50.497618,30.50942,14-05-16,orange
3rd Cluster,Not,KIE KIE LIS,30.59614,50.52939,20-05-16,orange
3rd Cluster,Not,KIE KIE LKB,30.37089,50.42714,28-04-16,orange
3rd Cluster,Not,KIE KIE LR6,30.59972029,50.5175,30-04-16,orange
3rd Cluster,Not,KIE KIE LTS,50.377533,30.452352,20-04-16,orange
3rd Cluster,Not,KIE KIE LVH,50.516641,30.598404,30-04-16,orange
3rd Cluster,Not,KIE KIE LYN,50.458058,30.588412,16-06-16,orange
3rd Cluster,Not,KIE KIE M97,50.526726,30.619404,20-05-16,orange
3rd Cluster,Not,KIE KIE MAJ,30.61863915,50.51661,01-04-16,orange
3rd Cluster,Not,KIE KIE MAL,50.502945,30.506601,10-05-16,orange
3rd Cluster,Not,KIE KIE MED,30.493028,50.489583,25-05-16,orange
3rd Cluster,Not,KIE KIE MIO,0,2,16-06-16,orange
3rd Cluster,Not,KIE KIE MML,30.50383,50.50336,31-03-16,orange
3rd Cluster,Not,KIE KIE MSM,30.52389,50.48528,15-04-16,orange
3rd Cluster,Not,KIE KIE NAT,30.44217073,50.50399695,01-04-16,orange
3rd Cluster,Not,KIE KIE NBL,30.34666615,50.474111,29-05-16,orange
3rd Cluster,Not,KIE KIE NVI,30.60303,50.47378,20-05-16,orange
3rd Cluster,Not,KIE KIE O32,50.517142,30.502054,25-05-16,orange
3rd Cluster,Not,KIE KIE O33,30.496778,50.518306,15-04-16,orange
3rd Cluster,Not,KIE KIE O40,30.50097,50.51978,24-04-16,orange
3rd Cluster,Not,KIE KIE OBK,50.514576,30.50317,30-05-16,orange
3rd Cluster,Not,KIE KIE OBO,30.51391052,50.50327238,17-06-16,orange
3rd Cluster,Not,KIE KIE OLV,50.478504,30.3414,25-04-16,orange
3rd Cluster,Not,KIE KIE OZE,50.525057,30.493791,15-06-16,orange
3rd Cluster,Not,KIE KIE PE7,30.59391915,50.47925,29-04-16,orange
3rd Cluster,Not,KIE KIE PLD,50.461198,30.357929,28-05-16,orange
3rd Cluster,Not,KIE KIE PRP,50.45305632,30.36416705,25-05-16,orange
3rd Cluster,Not,KIE KIE PTR,30.49588647,50.48691305,10-04-16,orange
3rd Cluster,Not,KIE KIE R10,30.6020447,50.52244157,20-05-16,orange
3rd Cluster,Not,KIE KIE RAD,30.58916829,50.48417,20-04-16,orange
3rd Cluster,Not,KIE KIE RKS,50.525167,30.460771,20-04-16,orange
3rd Cluster,Not,KIE KIE ROA,50.412257,30.39032,28-04-16,orange
3rd Cluster,Not,KIE KIE ROK,50.522284,30.461207,25-04-16,orange
3rd Cluster,Not,KIE KIE RSN,30.59217,50.44086,14-04-16,orange
3rd Cluster,Not,KIE KIE RU7,30.59481,50.43886,10-04-16,orange
3rd Cluster,Not,KIE KIE SMK,30.40396879,50.40875,10-04-16,orange
3rd Cluster,Not,KIE KIE SMN,30.46575,50.38797,25-04-16,orange
3rd Cluster,Not,KIE KIE SMO,50.383203,30.455956,20-04-16,orange
3rd Cluster,Not,KIE KIE SS2,30.39530915,50.42842,28-04-16,orange
3rd Cluster,Not,KIE KIE SSO,30.39567574,50.4171466,30-04-16,orange
3rd Cluster,Not,KIE KIE STS,50.460181,30.362922,15-04-16,orange
3rd Cluster,Not,KIE KIE SUN,30.34805915,50.55611,20-04-16,orange
3rd Cluster,Not,KIE KIE SV1,30.615611,50.521472,20-05-16,orange
3rd Cluster,Not,KIE KIE SVN,50.525823,30.50155,15-05-16,orange
3rd Cluster,Not,KIE KIE SWE,30.43072731,50.51335762,05-04-16,orange
3rd Cluster,Not,KIE KIE T13,30.49124915,50.51217,31-03-16,orange
3rd Cluster,Not,KIE KIE TCH,50.427065,30.599971,10-05-16,orange
3rd Cluster,Not,KIE KIE TI5,30.48889,50.50936,30-04-16,orange
3rd Cluster,Not,KIE KIE TMM,50.386269,30.471527,15-05-16,orange
3rd Cluster,Not,KIE KIE TSH,50.507997,30.491468,10-04-16,orange
3rd Cluster,Not,KIE KIE TTN,50.390997,30.476675,25-04-16,orange
3rd Cluster,Not,KIE KIE TU5,30.36605879,50.43111,28-04-16,orange
3rd Cluster,Not,KIE KIE UBK,30.39722,50.41014,23-04-16,orange
3rd Cluster,Not,KIE KIE UBR,50.463823,30.348829,28-05-16,orange
3rd Cluster,Not,KIE KIE USH,50.463436,30.342085,28-05-16,orange
3rd Cluster,Not,KIE KIE V79,50.464004,30.361431,28-04-16,orange
3rd Cluster,Not,KIE KIE VAS,30.48306,50.38972,20-04-16,orange
3rd Cluster,Not,KIE KIE VDS,50.463703,30.367557,30-05-16,orange
3rd Cluster,Not,KIE KIE VI3,30.46456,50.38911,25-04-16,orange
3rd Cluster,Not,KIE KIE VI9,30.46080915,50.38669,21-04-16,orange
3rd Cluster,Not,KIE KIE VIL,30.46180271,50.3868622,25-04-16,orange
3rd Cluster,Not,KIE KIE YK4,30.37685915,50.43297,28-04-16,orange
3rd Cluster,Not,KIE KIE YKB,30.38271879,50.43714,25-04-16,orange
3rd Cluster,Not,KIE KIE Z56,50.498949,30.376592,10-04-16,orange
3rd Cluster,Not,KIE KIE Z95,30.623972,50.530361,31-03-16,orange
3rd Cluster,Not,KIE KIE ZG7,30.48819315,50.515167,20-04-16,orange
3rd Cluster,Not,KIE KIE ZK2,30.59611,50.49806,15-05-16,orange
3rd Cluster,Not,KIE KIE ZLD,30.39882915,50.415,28-04-16,orange
3rd Cluster,Not,KIE KIE ZM4,30.36333,50.43444,28-04-16,orange
3rd Cluster,Not,KIE KIE ZMC,50.468994,30.60349,20-05-16,orange
3rd Cluster,Not,KIE KIE ZMK,50.495358,30.427891,15-05-16,orange
3rd Cluster,Not,KIE KIE,50.502406,30.446052,30-04-16,orange
3rd Cluster,Not,KIE KIE,50.524772,30.457638,15-05-16,orange
3rd Cluster,Not,KIE KIE,50.453674,30.588728,20-05-16,orange
3rd Cluster,Not,KIE KIE,50.521812,30.455367,20-05-16,orange
3rd Cluster,Not,KIE KIE,50.434967,30.358998,28-05-16,orange
3rd Cluster,Not,KIE KIE,50.504245,30.415065,28-05-16,orange
3rd Cluster,Not,KIE KIE,50.452808,30.385751,31-05-16,orange
3rd Cluster,Not,KIE KIE,50.49037,30.527705,10-06-16,orange
3rd Cluster,Not,KIE KIE,50.473987,30.327894,15-06-16,orange
3rd Cluster,Not,KIE KIE,50.496245,30.507626,21-06-16,orange
4th Cluster,OnAir,KIE BOA BO2,30.89806,50.34056,28-12-15,green
4th Cluster,OnAir,KIE BOA BOA,30.89383,50.34131,04-01-16,green
4th Cluster,OnAir,KIE BOA BOH,30.89285915,50.35006,21-12-15,green
4th Cluster,OnAir,KIE KIE A39,30.61867,50.40464,04-01-16,green
4th Cluster,OnAir,KIE KIE AHM,30.63056,50.40833,29-10-15,green
4th Cluster,OnAir,KIE KIE AHS,30.61194,50.40028,26-10-15,green
4th Cluster,OnAir,KIE KIE ALD,30.63185879,50.3965,08-12-15,green
4th Cluster,OnAir,KIE KIE ANI,30.54602915,50.44044,21-12-15,green
4th Cluster,OnAir,KIE KIE AR1,30.54657654,50.44283067,09-10-15,green
4th Cluster,OnAir,KIE KIE AVL,30.53839642,50.43167,16-10-15,green
4th Cluster,OnAir,KIE KIE AVT,30.55291879,50.33558,16-10-15,green
4th Cluster,OnAir,KIE KIE B32,30.649306,50.398389,01-02-16,green
4th Cluster,OnAir,KIE KIE BA7,30.660278,50.404444,29-01-16,green
4th Cluster,OnAir,KIE KIE BA9,30.664167,50.405,10-02-16,green
4th Cluster,OnAir,KIE KIE BAJ,30.67222,50.40667,13-11-15,green
4th Cluster,OnAir,KIE KIE BBH,30.54305879,50.35222,29-09-15,green
4th Cluster,OnAir,KIE KIE BGM,30.53083,50.44028,09-10-15,green
4th Cluster,OnAir,KIE KIE BO1,30.69477915,50.37544,09-10-15,green
4th Cluster,OnAir,KIE KIE BOZ,30.51806,50.41583,09-10-15,green
4th Cluster,OnAir,KIE KIE BRI,30.7786072,50.40084288,26-10-15,green
4th Cluster,OnAir,KIE KIE BRT,30.70689,50.375,04-12-15,green
4th Cluster,OnAir,KIE KIE CHA,30.57031,50.32583,30-10-15,green
4th Cluster,OnAir,KIE KIE CHU,30.54692386,50.4347739,10-12-15,green
4th Cluster,OnAir,KIE KIE D19,30.63971915,50.40806,29-10-15,green
4th Cluster,OnAir,KIE KIE D1N,30.63485915,50.42019,18-11-15,green
4th Cluster,OnAir,KIE KIE D20,30.63680915,50.4085,14-01-16,green
4th Cluster,OnAir,KIE KIE D31,30.63922,50.40281,30-12-15,green
4th Cluster,OnAir,KIE KIE D38,30.63814,50.40547,02-12-15,green
4th Cluster,OnAir,KIE KIE DEM,30.51908749,50.41075153,30-10-15,green
4th Cluster,OnAir,KIE KIE DEU,30.69388915,50.39667,21-10-15,green
4th Cluster,OnAir,KIE KIE DK9,30.656389,50.403889,10-02-16,green
4th Cluster,OnAir,KIE KIE DKB,30.656444,50.406361,16-10-15,green
4th Cluster,OnAir,KIE KIE DMV,30.50863729,50.400972,28-01-16,green
4th Cluster,OnAir,KIE KIE DNA,30.60575,50.39181,26-10-15,green
4th Cluster,OnAir,KIE KIE DNB,30.61722,50.39975,11-11-15,green
4th Cluster,OnAir,KIE KIE DNN,30.60352915,50.41083,08-12-15,green
4th Cluster,OnAir,KIE KIE DOB,30.573694,50.403306,28-12-15,green
4th Cluster,OnAir,KIE KIE DRB,30.54071879,50.41283,30-12-15,green
4th Cluster,OnAir,KIE KIE DRG,30.64499879,50.41194,17-11-15,green
4th Cluster,OnAir,KIE KIE DRM,30.615194,50.421528,21-12-15,green
4th Cluster,OnAir,KIE KIE DRN,30.53822079,50.414167,10-02-16,green
4th Cluster,OnAir,KIE KIE DRV,30.57249915,50.40889,28-09-15,green
4th Cluster,OnAir,KIE KIE DVO,30.52081,50.42275,07-12-15,green
4th Cluster,OnAir,KIE KIE DYN,30.53278,50.4525,23-12-15,green
4th Cluster,OnAir,KIE KIE DZE,30.52945194,50.41471848,09-11-15,green
4th Cluster,OnAir,KIE KIE EP2,30.63499915,50.39028,11-11-15,green
4th Cluster,OnAir,KIE KIE GEO,30.68961,50.38933,13-11-15,green
4th Cluster,OnAir,KIE KIE GM1,30.63253,50.39197,24-02-16,green
4th Cluster,OnAir,KIE KIE GM3,30.63368915,50.39361,24-02-16,green
4th Cluster,OnAir,KIE KIE GM7,30.62861,50.3925,02-12-15,green
4th Cluster,OnAir,KIE KIE GOR,30.85021879,50.38239,30-10-15,green
4th Cluster,OnAir,KIE KIE GR5,30.62841879,50.41283,29-10-15,green
4th Cluster,OnAir,KIE KIE GR6,30.63056,50.4115,29-01-16,green
4th Cluster,OnAir,KIE KIE GRK,30.52228,50.41492,04-12-15,green
4th Cluster,OnAir,KIE KIE HLS,30.521389,50.401222,21-12-15,green
4th Cluster,OnAir,KIE KIE HOT,30.52788915,50.45144,27-11-15,green
4th Cluster,OnAir,KIE KIE HPL,30.68406,50.40408,03-11-15,green
4th Cluster,OnAir,KIE KIE HSH,30.66667,50.41006,12-01-16,green
4th Cluster,OnAir,KIE KIE ISR,30.54360915,50.42222,16-10-15,green
4th Cluster,OnAir,KIE KIE K61,30.53019315,50.401972,28-01-16,green
4th Cluster,OnAir,KIE KIE KBM,30.53275,50.44739,04-12-15,green
4th Cluster,OnAir,KIE KIE KHA,30.66278,50.41583,29-10-15,green
4th Cluster,OnAir,KIE KIE KIT,30.54194,50.37139,08-12-15,green
4th Cluster,OnAir,KIE KIE KKV,30.55305915,50.42028,26-10-15,green
4th Cluster,OnAir,KIE KIE KOL,30.68325,50.39522,28-12-15,green
4th Cluster,OnAir,KIE KIE KR2,30.52583248,50.45072831,12-01-16,green
4th Cluster,OnAir,KIE KIE KRH,30.67635914,50.4056339,11-11-15,green
4th Cluster,OnAir,KIE KIE KRZ,30.51346879,50.40761,12-11-15,green
4th Cluster,OnAir,KIE KIE KS4,30.64669,50.40678,01-02-16,green
4th Cluster,OnAir,KIE KIE KSC,30.64191915,50.40508,30-11-15,green
4th Cluster,OnAir,KIE KIE KUD,30.53516919,50.42116238,26-10-15,green
4th Cluster,OnAir,KIE KIE KUN,30.52724821,50.4425539,02-12-15,green
4th Cluster,OnAir,KIE KIE KUT,30.53582879,50.42583,04-12-15,green
4th Cluster,OnAir,KIE KIE KZ2,30.62972,50.40361,04-01-16,green
4th Cluster,OnAir,KIE KIE KZN,30.53806,50.34806,02-12-15,green
4th Cluster,OnAir,KIE KIE KZT,30.61719,50.40283,04-01-16,green
4th Cluster,OnAir,KIE KIE LBD,30.52593879,50.41283,09-11-15,green
4th Cluster,OnAir,KIE KIE LBM,30.55667,50.32639,11-11-15,green
4th Cluster,OnAir,KIE KIE LIP,30.535,50.44333,30-10-15,green
4th Cluster,OnAir,KIE KIE LNN,30.699556,50.383972,18-01-16,green
4th Cluster,OnAir,KIE KIE LRD,30.64193915,50.39528,27-11-15,green
4th Cluster,OnAir,KIE KIE LUT,30.52543829,50.44431,28-09-15,green
4th Cluster,OnAir,KIE KIE LYB,30.53083,50.41278,09-11-15,green
4th Cluster,OnAir,KIE KIE MCH,30.53499915,50.43825,22-03-16,green
4th Cluster,OnAir,KIE KIE MEC,30.53355879,50.43678,04-12-15,green
4th Cluster,OnAir,KIE KIE MET,30.52338838,50.44730085,28-09-15,green
4th Cluster,OnAir,KIE KIE MR2,30.54916879,50.43083,09-11-15,green
4th Cluster,OnAir,KIE KIE MRX,30.55008561,50.43050085,04-12-15,green
4th Cluster,OnAir,KIE KIE MTX,30.54562723,50.43820373,28-09-15,green
4th Cluster,OnAir,KIE KIE MUZ,30.53050572,50.44894542,28-09-15,green
4th Cluster,OnAir,KIE KIE N31,30.53493879,50.395,09-10-15,green
4th Cluster,OnAir,KIE KIE N64,30.53430915,50.37817,16-10-15,green
4th Cluster,OnAir,KIE KIE NA5,30.52642,50.404,08-12-15,green
4th Cluster,OnAir,KIE KIE NAC,30.53710715,50.44475746,23-12-15,green
4th Cluster,OnAir,KIE KIE NAU,30.53028,50.39056,08-12-15,green
4th Cluster,OnAir,KIE KIE NBK,30.55528,50.36556,04-01-16,green
4th Cluster,OnAir,KIE KIE NBU,30.53,50.44667,26-11-15,green
4th Cluster,OnAir,KIE KIE NS5,30.56052915,50.42686,23-12-15,green
4th Cluster,OnAir,KIE KIE OKO,30.518972,50.398528,01-12-15,green
4th Cluster,OnAir,KIE KIE OKT,30.52707879,50.44006,23-12-15,green
4th Cluster,OnAir,KIE KIE OSK,30.6075,50.3675,09-11-15,green
4th Cluster,OnAir,KIE KIE PAR,30.52749879,50.4375,04-12-15,green
4th Cluster,OnAir,KIE KIE PCH,30.54170026,50.43289678,16-10-15,green
4th Cluster,OnAir,KIE KIE PIO,30.73825184,50.39769305,30-10-15,green
4th Cluster,OnAir,KIE KIE PRG,30.51783,50.34678,26-10-15,green
4th Cluster,OnAir,KIE KIE PRM,30.56167,50.38944,23-12-15,green
4th Cluster,OnAir,KIE KIE PSG,30.52360915,50.44806,09-11-15,green
4th Cluster,OnAir,KIE KIE PSL,30.52392,50.42069,28-09-15,green
4th Cluster,OnAir,KIE KIE PVX,30.54227641,50.44778,30-10-15,green
4th Cluster,OnAir,KIE KIE R16,30.64433,50.41031,20-01-16,green
4th Cluster,OnAir,KIE KIE RB2,30.53702715,50.436222,08-12-15,green
4th Cluster,OnAir,KIE KIE RBL,30.53999915,50.435,03-11-15,green
4th Cluster,OnAir,KIE KIE RD1,30.52328,50.42211,28-09-15,green
4th Cluster,OnAir,KIE KIE REV,30.649,50.4055,08-12-15,green
4th Cluster,OnAir,KIE KIE RU1,30.64513815,50.396333,24-02-16,green
4th Cluster,OnAir,KIE KIE RVC,30.64028,50.42278,26-10-15,green
4th Cluster,OnAir,KIE KIE RVU,30.64432829,50.41656,29-10-15,green
4th Cluster,OnAir,KIE KIE S14,30.62281,50.40022,04-01-16,green
4th Cluster,OnAir,KIE KIE S24,30.61891915,50.40031,04-01-16,green
4th Cluster,OnAir,KIE KIE S44,30.53986,50.42367,17-03-16,green
4th Cluster,OnAir,KIE KIE SAD,30.60667,50.37417,29-10-15,green
4th Cluster,OnAir,KIE KIE SAP,30.53591268,50.40417,21-10-15,green
4th Cluster,OnAir,KIE KIE SBR,30.35636,50.4065,25-11-15,green
4th Cluster,OnAir,KIE KIE SPP,30.56227879,50.43197,28-09-15,green
4th Cluster,OnAir,KIE KIE SR8,30.62631,50.40022,14-01-16,green
4th Cluster,OnAir,KIE KIE SRT,30.61168915,50.41039,10-11-15,green
4th Cluster,OnAir,KIE KIE ST6,30.546,50.428139,29-12-15,green
4th Cluster,OnAir,KIE KIE SUV,30.54694,50.43722,30-10-15,green
4th Cluster,OnAir,KIE KIE TAB,30.53778,50.34389,12-01-16,green
4th Cluster,OnAir,KIE KIE TEL,30.60405879,50.41544,04-12-15,green
4th Cluster,OnAir,KIE KIE TO2,30.54180915,50.42464,23-12-15,green
4th Cluster,OnAir,KIE KIE TOW,30.5409764,50.42447763,23-12-15,green
4th Cluster,OnAir,KIE KIE TRT,30.65010879,50.41539,26-10-15,green
4th Cluster,OnAir,KIE KIE TSA,30.54413815,50.426556,18-11-15,green
4th Cluster,OnAir,KIE KIE TVE,30.51739,50.41933,28-12-15,green
4th Cluster,OnAir,KIE KIE UAK,30.55361,50.34889,04-12-15,green
4th Cluster,OnAir,KIE KIE UAZ,30.70136,50.37761,20-10-15,green
4th Cluster,OnAir,KIE KIE UKR,30.52944,50.42056,21-10-15,green
4th Cluster,OnAir,KIE KIE URL,30.6185019,50.40833678,11-12-15,green
4th Cluster,OnAir,KIE KIE V11,30.661472,50.409917,15-12-15,green
4th Cluster,OnAir,KIE KIE V14,30.65278,50.40825,06-01-16,green
4th Cluster,OnAir,KIE KIE V6D,30.65069279,50.396583,24-02-16,green
4th Cluster,OnAir,KIE KIE VDB,30.57083,50.42333,21-12-15,green
4th Cluster,OnAir,KIE KIE VDN,30.55639,50.36056,02-12-15,green
4th Cluster,OnAir,KIE KIE VE6,30.661111,50.406944,30-12-15,green
4th Cluster,OnAir,KIE KIE VKH,30.54972,50.40444,04-12-15,green
4th Cluster,OnAir,KIE KIE VLB,30.515,50.42139,30-10-15,green
4th Cluster,OnAir,KIE KIE VRB,30.66110879,50.41361,02-12-15,green
4th Cluster,OnAir,KIE KIE VRD,30.53808,50.44606,10-12-15,green
4th Cluster,OnAir,KIE KIE VSN,30.65110915,50.39361,29-03-16,green
4th Cluster,OnAir,KIE KIE VSU,30.53230748,50.4429978,09-11-15,green
4th Cluster,OnAir,KIE KIE VTD,30.54022,50.44958,04-12-15,green
4th Cluster,OnAir,KIE KIE WOD,30.59425,50.34844,16-10-15,green
4th Cluster,OnAir,KIE KIE WOW,30.55105915,50.42294,28-09-15,green
4th Cluster,OnAir,KIE KIE YAN,30.55513897,50.43272458,03-11-15,green
4th Cluster,OnAir,KIE KIE YNV,30.55278,50.44111,28-09-15,green
4th Cluster,OnAir,KIE KIE YUG,30.57967547,50.39494085,04-12-15,green
4th Cluster,OnAir,KIE KIE ZCH,30.540528,50.407167,08-12-15,green
4th Cluster,OnAir,KIE KIE ZVR,30.55583,50.40583,08-12-15,green
4th Cluster,OnAir,KIE REC OSB,30.61557915,50.34603,26-10-15,green
4th Cluster,OnAir,KIE REC PRO,30.79443879,50.39389,04-12-15,green
4th Cluster,OnAir,KIE REC SCH,30.78325,50.38597,17-11-15,green
4th Cluster,OnAir,KIE REC SLV,30.80278,50.37778,24-12-15,green
4th Cluster,OnAir,KIE REC VAL,30.87560879,50.39683,04-12-15,green
4th Cluster,Not,KIE BOA BO4,30.89566915,50.34067,20-04-16,orange
4th Cluster,Not,KIE BOA PRF,30.89708,50.34583,24-03-16,orange
4th Cluster,Not,KIE BOA UAR,30.89241915,50.35653,10-04-16,orange
4th Cluster,Not,KIE BOR PRM,30.701944,50.366222,no,orange
4th Cluster,Not,KIE KIE A14,30.63444,50.41228,10-05-16,orange
4th Cluster,Not,KIE KIE AAH,50.40657,30.636433,28-04-16,orange
4th Cluster,Not,KIE KIE AH2,30.64224829,50.41433,20-05-16,orange
4th Cluster,Not,KIE KIE BOT,50.410529,30.558819,30-05-16,orange
4th Cluster,Not,KIE KIE BT1,30.688667,50.402194,15-05-16,orange
4th Cluster,Not,KIE KIE BT2,30.71608,50.39981,15-05-16,orange
4th Cluster,Not,KIE KIE BT3,30.747361,50.395889,15-05-16,orange
4th Cluster,Not,KIE KIE BT4,30.779,50.38856,15-05-16,orange
4th Cluster,Not,KIE KIE BT5,30.79442,50.38506,15-05-16,orange
4th Cluster,Not,KIE KIE BT6,30.82631,50.38164,15-05-16,orange
4th Cluster,Not,KIE KIE BT7,30.86642,50.3775,15-05-16,orange
4th Cluster,Not,KIE KIE BT8,30.89253,50.37272,15-05-16,orange
4th Cluster,Not,KIE KIE BUD,30.51441181,50.40185915,20-05-16,orange
4th Cluster,Not,KIE KIE D26,50.393334,30.613797,29-04-16,orange
4th Cluster,Not,KIE KIE D42,30.63452879,50.40369,10-05-16,orange
4th Cluster,Not,KIE KIE DA7,50.441598,30.525811,21-06-16,orange
4th Cluster,Not,KIE KIE DGN,50.409938,30.640484,20-05-16,orange
4th Cluster,Not,KIE KIE DKR,50.404817,30.652544,19-04-16,orange
4th Cluster,Not,KIE KIE DRU,30.5445526,50.4175239,17-06-16,orange
4th Cluster,Not,KIE KIE FIL,50.416147,30.531913,25-04-16,orange
4th Cluster,Not,KIE KIE FRA,50.44555657,30.52833308,15-05-16,orange
4th Cluster,Not,KIE KIE GM2,30.62808,50.39547,20-04-16,orange
4th Cluster,Not,KIE KIE GR2,30.62418915,50.41125,30-04-16,orange
4th Cluster,Not,KIE KIE GR3,30.62539,50.40942,30-04-16,orange
4th Cluster,Not,KIE KIE GR4,30.62364,50.409,30-04-16,orange
4th Cluster,Not,KIE KIE GR9,50.442551,30.542744,15-06-16,orange
4th Cluster,Not,KIE KIE GRS,50.447589,30.52725,31-03-16,orange
4th Cluster,Not,KIE KIE GRZ,30.65319,50.41144,15-04-16,orange
4th Cluster,Not,KIE KIE GSK,50.44661,30.53468,27-05-16,orange
4th Cluster,Not,KIE KIE GV1,30.62314,50.39122,25-04-16,orange
4th Cluster,Not,KIE KIE H25,50.444606,30.523722,08-04-16,orange
4th Cluster,Not,KIE KIE HR1,50.419301,30.651802,30-05-16,orange
4th Cluster,Not,KIE KIE K28,30.549444,50.410278,27-05-16,orange
4th Cluster,Not,KIE KIE K4A,30.54261,50.43092,27-04-16,orange
4th Cluster,Not,KIE KIE KDI,30.53778,50.4175,30-04-16,orange
4th Cluster,Not,KIE KIE KGU,50.443383,30.524802,30-04-16,orange
4th Cluster,Not,KIE KIE KH2,30.65638915,50.41917,17-06-16,orange
4th Cluster,Not,KIE KIE KLL,50.384234,30.620807,10-05-16,orange
4th Cluster,Not,KIE KIE KPR,30.65686015,50.414556,21-06-16,orange
4th Cluster,Not,KIE KIE KPV,30.52389,50.44139,30-04-16,orange
4th Cluster,Not,KIE KIE KTB,30.518056,50.402222,31-03-16,orange
4th Cluster,Not,KIE KIE KV2,50.417859,30.549,30-05-16,orange
4th Cluster,Not,KIE KIE KVD,50.413235,30.548971,15-06-16,orange
4th Cluster,Not,KIE KIE LA5,30.54033,50.43039,29-03-16,orange
4th Cluster,Not,KIE KIE LGO,30.54806,50.39972,31-03-16,orange
4th Cluster,Not,KIE KIE LU7,50.433958,30.531022,23-04-16,orange
4th Cluster,Not,KIE KIE LUK,30.53932454,50.42642373,25-05-16,orange
4th Cluster,Not,KIE KIE MER,30.56233,50.35061,20-06-16,orange
4th Cluster,Not,KIE KIE MSK,50.438218,30.540743,01-04-16,orange
4th Cluster,Not,KIE KIE MYA,30.55333215,50.435944,23-05-16,orange
4th Cluster,Not,KIE KIE MYS,30.54111,50.38278,28-05-16,orange
4th Cluster,Not,KIE KIE N11,30.52921915,50.40072,29-03-16,orange
4th Cluster,Not,KIE KIE NAD,50.410445,30.637381,30-05-16,orange
4th Cluster,Not,KIE KIE NB1,50.394545,30.624233,05-04-16,orange
4th Cluster,Not,KIE KIE ORL,30.53693915,50.441,30-04-16,orange
4th Cluster,Not,KIE KIE P4I,30.62692,50.41664,10-05-16,orange
4th Cluster,Not,KIE KIE P4L,30.63286,50.41542,10-05-16,orange
4th Cluster,Not,KIE KIE PBZ,50.393691,30.612142,30-04-16,orange
4th Cluster,Not,KIE KIE PDV,30.54402715,50.412056,21-05-16,orange
4th Cluster,Not,KIE KIE PRL,30.63678689,50.39736573,20-04-16,orange
4th Cluster,Not,KIE KIE RD2,30.525444,50.424722,15-05-16,orange
4th Cluster,Not,KIE KIE RVK,50.418183,30.647303,01-06-16,orange
4th Cluster,Not,KIE KIE SAL,30.54966253,50.44133695,29-05-16,orange
4th Cluster,Not,KIE KIE SOP,30.50667,50.40583,25-04-16,orange
4th Cluster,Not,KIE KIE STR,50.399919,30.534769,25-04-16,orange
4th Cluster,Not,KIE KIE TSN,50.416556,30.653521,01-06-16,orange
4th Cluster,Not,KIE KIE TSS,50.427622,30.543412,05-05-16,orange
4th Cluster,Not,KIE KIE U16,30.62222,50.40603,30-04-16,orange
4th Cluster,Not,KIE KIE U19,30.61328,50.40947,10-04-16,orange
4th Cluster,Not,KIE KIE U20,30.62089,50.40833,30-04-16,orange
4th Cluster,Not,KIE KIE UR3,30.62114,50.40344,29-05-16,orange
4th Cluster,Not,KIE KIE UR8,30.62408,50.40353,30-04-16,orange
4th Cluster,Not,KIE KIE VLR,50.421848,30.517803,20-05-16,orange
4th Cluster,Not,KIE KIE VS5,50.392692,30.647953,20-04-16,orange
4th Cluster,Not,KIE KIE VSH,30.648,50.395444,25-04-16,orange
4th Cluster,Not,KIE KIE VSV,50.418083,30.521572,28-05-16,orange
4th Cluster,Not,KIE KIE VYD,30.56632879,50.40078,30-05-16,orange
4th Cluster,Not,KIE KIE YA2,30.55228,50.43253,20-04-16,orange
4th Cluster,Not,KIE KIE YKR,50.42507,30.539481,24-04-16,orange
4th Cluster,Not,KIE KIE ZBI,50.406838,30.613825,21-06-16,orange
4th Cluster,Not,KIE KIE ZD3,30.61322,50.41383,29-05-16,orange
4th Cluster,Not,KIE KIE ZD5,30.61636,50.41408,29-05-16,orange
4th Cluster,Not,KIE KIE ZSL,30.55666915,50.43056,15-05-16,orange
4th Cluster,Not,KIE KIE ZVI,30.554694,50.4145,20-05-16,orange
4th Cluster,Not,KIE REC BO2,0,3,10-04-16,orange
4th Cluster,Not,KIE SCH DIO,30.79108215,50.363111,04-04-16,orange
4th Cluster,Not,KIE KIE,50.410145,30.545315,14-04-16,orange
4th Cluster,Not,KIE KIE,50.407267,30.666109,14-04-16,orange
4th Cluster,Not,KIE KIE,50.442866,30.529921,15-04-16,orange
4th Cluster,Not,KIE KIE,50.425757,30.529856,30-04-16,orange
4th Cluster,Not,KIE KIE,50.43782857,30.54026048,20-05-16,orange
4th Cluster,Not,KIE KIE,50.447036,30.546157,25-05-16,orange
4th Cluster,Not,KIE KIE,50.445083,30.530331,30-05-16,orange
4th Cluster,Not,KIE KIE,50.406631,30.519613,30-05-16,orange
4th Cluster,Not,KIE KIE,50.430458,30.535392,11-06-16,orange
4th Cluster,Not,KIE KIE,50.430417,30.537042,15-06-16,orange
4th Cluster,Not,KIE KIE,50.446266,30.525949,21-06-16,orange
4th Cluster,Not,KIE KIE,50.436062,30.558083,21-06-16,orange
4th Cluster,Not,KIE KIE,50.407801,30.555221,21-06-16,orange
4th Cluster,Not,KIE KIE,50.437717,30.528922,21-06-16,orange
5th Cluster,OnAir,KIE KIE AMA,30.64749915,50.435,21-10-15,green
5th Cluster,OnAir,KIE KIE BOR,30.71046915,50.42028,29-10-15,green
5th Cluster,OnAir,KIE KIE BPR,30.64749829,50.46611,28-09-15,green
5th Cluster,OnAir,KIE KIE BRA,30.60930285,50.4573061,22-01-16,green
5th Cluster,OnAir,KIE KIE BTI,30.61693915,50.47722,19-01-16,green
5th Cluster,OnAir,KIE KIE BUS,30.68474823,50.42602915,28-09-15,green
5th Cluster,OnAir,KIE KIE BVS,30.63314504,50.4521678,27-11-15,green
5th Cluster,OnAir,KIE KIE BYC,30.670917,50.481167,09-12-15,green
5th Cluster,OnAir,KIE KIE CHN,30.64472,50.4625,07-12-15,green
5th Cluster,OnAir,KIE KIE DAR,30.66564177,50.43005305,12-11-15,green
5th Cluster,OnAir,KIE KIE DBU,30.66102829,50.44789,09-10-15,green
5th Cluster,OnAir,KIE KIE ELM,30.674972,50.427917,10-12-15,green
5th Cluster,OnAir,KIE KIE GAG,30.63325,50.458472,09-02-16,green
5th Cluster,OnAir,KIE KIE GAI,30.65943915,50.47028,19-02-16,green
5th Cluster,OnAir,KIE KIE GGA,30.62583,50.44583,04-11-15,green
5th Cluster,OnAir,KIE KIE KFT,30.62360915,50.43611,23-12-15,green
5th Cluster,OnAir,KIE KIE KOZ,30.608611,50.454111,26-02-16,green
5th Cluster,OnAir,KIE KIE KRC,30.63206,50.47994,29-10-15,green
5th Cluster,OnAir,KIE KIE KRK,30.62443879,50.455,13-11-15,green
5th Cluster,OnAir,KIE KIE KTK,30.65119315,50.457472,29-01-16,green
5th Cluster,OnAir,KIE KIE LEN,30.61953672,50.43908067,04-12-15,green
5th Cluster,OnAir,KIE KIE LPL,30.63472,50.44056,02-02-16,green
5th Cluster,OnAir,KIE KIE LS2,30.63138889,50.48247222,26-10-15,green
5th Cluster,OnAir,KIE KIE LSM,30.63128,50.47669,31-03-16,green
5th Cluster,OnAir,KIE KIE MGN,30.64443879,50.45444,25-11-15,green
5th Cluster,OnAir,KIE KIE MIR,30.62410915,50.44242,26-10-15,green
5th Cluster,OnAir,KIE KIE MRL,30.62593915,50.46519,20-11-15,green
5th Cluster,OnAir,KIE KIE ORS,30.67261015,50.435667,25-02-16,green
5th Cluster,OnAir,KIE KIE PPU,30.63388829,50.46056,02-11-15,green
5th Cluster,OnAir,KIE KIE PRI,30.65210879,50.43258,09-11-15,green
5th Cluster,OnAir,KIE KIE PTI,30.71111,50.48694,26-10-15,green
5th Cluster,OnAir,KIE KIE REM,30.68361,50.43972,04-12-15,green
5th Cluster,OnAir,KIE KIE ROS,30.67781,50.4245,26-10-15,green
5th Cluster,OnAir,KIE KIE SOS,30.63249833,50.44242,30-10-15,green
5th Cluster,OnAir,KIE KIE STD,30.65255915,50.44331,03-11-15,green
5th Cluster,OnAir,KIE KIE USN,30.63331,50.44564,28-12-15,green
5th Cluster,OnAir,KIE KIE V24,30.64133,50.48628,10-04-16,green
5th Cluster,OnAir,KIE KIE VIS,30.64858,50.45067,04-12-15,green
5th Cluster,OnAir,KIE KIE VRS,30.61777915,50.44806,02-12-15,green
5th Cluster,OnAir,KIE KIE VSS,30.61785915,50.43342,30-11-15,green
5th Cluster,OnAir,KIE KIE YLT,30.65583,50.43017,04-11-15,green
5th Cluster,OnAir,KIE KIE ZUK,30.635806,50.482833,23-12-15,green
5th Cluster,OnAir,KIE REC KRK,30.40127879,50.37464,25-02-16,green
5th Cluster,Not,KIE IND MGC,30.63416564,50.43194152,29-03-16,orange
5th Cluster,Not,KIE KIE ALE,50.472161,30.629878,20-04-16,orange
5th Cluster,Not,KIE KIE BTS,30.62928,50.46769,05-04-16,orange
5th Cluster,Not,KIE KIE DBR,50.46353,30.609547,18-05-16,orange
5th Cluster,Not,KIE KIE DVR,30.68360879,50.44989,15-04-16,orange
5th Cluster,Not,KIE KIE HIM,30.63027879,50.42944,17-05-16,orange
5th Cluster,Not,KIE KIE JUN,30.620167,50.472778,26-05-16,orange
5th Cluster,Not,KIE KIE KIO,30.63999915,50.46667,30-05-16,orange
5th Cluster,Not,KIE KIE L50,30.465,50.38611,29-04-16,orange
5th Cluster,Not,KIE KIE L54,30.46249879,50.38503,21-04-16,orange
5th Cluster,Not,KIE KIE LES,30.615472,50.466639,01-04-16,orange
5th Cluster,Not,KIE KIE MLT,30.62667,50.47578,10-04-16,orange
5th Cluster,Not,KIE KIE ORO,30.67524386,50.43352915,11-06-16,orange
5th Cluster,Not,KIE KIE POP,30.62167,50.45639,26-05-16,orange
5th Cluster,Not,KIE KIE SNK,50.432179,30.640738,19-05-16,orange
5th Cluster,Not,KIE KIE VO4,30.62892,50.487,20-04-16,orange
5th Cluster,Not,KIE KIE Z26,30.63443915,50.48639,20-06-16,orange
Kyiv reg,OnAir,KIE BLG EUR,30.266944,50.390833,29-12-15,green
Kyiv reg,OnAir,KIE BLG SAD,30.23233,50.37967,28-09-15,green
Kyiv reg,OnAir,KIE BOR BOL,30.94631,50.34586,11-03-16,green
Kyiv reg,OnAir,KIE BOR BP3,30.97294,50.35294,16-10-15,green
Kyiv reg,OnAir,KIE BOR BP5,30.94111,50.35764,08-12-15,green
Kyiv reg,OnAir,KIE BOR BP7,30.95592,50.3345,18-11-15,green
Kyiv reg,OnAir,KIE BOR KHL,30.95528,50.34944,03-11-15,green
Kyiv reg,OnAir,KIE BOR LYT,30.93661,50.36278,26-10-15,green
Kyiv reg,OnAir,KIE BOR MRB,30.94772,50.37497,26-10-15,green
Kyiv reg,OnAir,KIE BOR POL,30.9495,50.339278,29-02-16,green
Kyiv reg,OnAir,KIE BOR VAT,30.93042,50.35414,04-12-15,green
Kyiv reg,OnAir,KIE BOR ZAV,30.95283,50.37967,26-10-15,green
Kyiv reg,OnAir,KIE BOY BEL,30.28514,50.33853,30-10-15,green
Kyiv reg,OnAir,KIE BOY MOL,30.281722,50.335889,19-02-16,green
Kyiv reg,OnAir,KIE BOY OKT,30.28994,50.32819,10-11-15,green
Kyiv reg,OnAir,KIE BOY SHE,30.33361,50.30833,25-11-15,green
Kyiv reg,OnAir,KIE BRO BOZ,30.74531,50.49689,28-12-15,green
Kyiv reg,OnAir,KIE BRO CHK,30.83056,50.51417,19-01-16,green
Kyiv reg,OnAir,KIE BRO EPI,30.78658,50.52008,12-01-16,green
Kyiv reg,OnAir,KIE BRO GAG,30.79361,50.50861,16-10-15,green
Kyiv reg,OnAir,KIE BRO GGR,30.78881,50.51125,16-10-15,green
Kyiv reg,OnAir,KIE BRO KIR,30.79361,50.50528,16-10-15,green
Kyiv reg,OnAir,KIE BRO KRA,30.82644,50.50481,01-12-15,green
Kyiv reg,OnAir,KIE BRO KUT,30.80294,50.50569,10-12-15,green
Kyiv reg,OnAir,KIE BRO KVS,30.766556,50.498028,17-11-15,green
Kyiv reg,OnAir,KIE BRO LTC,30.78242,50.51442,10-12-15,green
Kyiv reg,OnAir,KIE BRO LVI,30.792833,50.51425,08-12-15,green
Kyiv reg,OnAir,KIE BRO NEZ,30.8065,50.52006,15-12-15,green
Kyiv reg,OnAir,KIE BRO NZL,30.79492,50.51175,02-12-15,green
Kyiv reg,OnAir,KIE BRO SHE,30.77167,50.50889,29-10-15,green
Kyiv reg,OnAir,KIE BRO VDN,30.75703,50.49783,23-12-15,green
Kyiv reg,OnAir,KIE BRP NST,30.97633,50.38356,17-11-15,green
Kyiv reg,OnAir,KIE BUC STK,30.2025,50.53028,29-10-15,green
Kyiv reg,OnAir,KIE CHA LOB,30.28433,50.43856,29-10-15,green
Kyiv reg,OnAir,KIE GOS SAD,30.29242,50.55986,21-10-15,green
Kyiv reg,OnAir,KIE HTV MHP,30.48461,50.33578,30-11-15,green
Kyiv reg,OnAir,KIE IRP DPS,30.22675,50.52264,16-10-15,green
Kyiv reg,OnAir,KIE IRP GAG,30.24489,50.51461,26-10-15,green
Kyiv reg,OnAir,KIE IRP HOT,30.23886,50.51908,30-10-15,green
Kyiv reg,OnAir,KIE IRP INT,30.2435,50.50275,21-10-15,green
Kyiv reg,OnAir,KIE IRP OKT,30.25008,50.51786,10-11-15,green
Kyiv reg,OnAir,KIE IRP PIV,30.22178,50.52933,21-10-15,green
Kyiv reg,OnAir,KIE KAL IGO,30.81794,50.56294,26-10-15,green
Kyiv reg,OnAir,KIE KIE ZAS,30.58306,50.29694,09-11-15,green
Kyiv reg,OnAir,KIE KZN CER,30.6575,50.25528,26-01-16,green
Kyiv reg,OnAir,KIE KZN RES,30.66811,50.24789,29-10-15,green
Kyiv reg,OnAir,KIE M17 BLG,30.25594,50.42931,21-10-15,green
Kyiv reg,OnAir,KIE M17 BUZ,30.02667,50.42806,09-10-15,green
Kyiv reg,OnAir,KIE M17 GIE,30.299,50.44731,28-12-15,green
Kyiv reg,OnAir,KIE M17 KLN,29.96131,50.44181,21-12-15,green
Kyiv reg,OnAir,KIE M17 STO,30.22753,50.44708,03-11-15,green
Kyiv reg,OnAir,KIE M20 CB2,30.40353,50.33392,02-12-15,green
Kyiv reg,OnAir,KIE M20 GLE,30.36139,50.31944,17-11-15,green
Kyiv reg,OnAir,KIE MAR TUS,30.86694,50.30194,03-11-15,green
Kyiv reg,OnAir,KIE NPT SAN,30.43353,50.59489,02-11-15,green
Kyiv reg,OnAir,KIE OBU BUD,30.63428,50.09972,29-09-15,green
Kyiv reg,OnAir,KIE OBU FUR,30.64972,50.12472,02-12-15,green
Kyiv reg,OnAir,KIE OBU KIE,30.65522,50.13081,03-11-15,green
Kyiv reg,OnAir,KIE OBU TAC,30.66275,50.17194,23-12-15,green
Kyiv reg,OnAir,KIE OBU UKR,30.74772,50.14778,23-12-15,green
Kyiv reg,OnAir,KIE RAN CHO,30.55719,50.24983,26-10-15,green
Kyiv reg,OnAir,KIE REC ADM,30.27167,50.54,05-10-15,green
Kyiv reg,OnAir,KIE REC AGR,30.11083,50.41167,29-10-15,green
Kyiv reg,OnAir,KIE REC AVP,30.62056,50.54056,26-10-15,green
Kyiv reg,OnAir,KIE REC BIR,30.68417,50.19972,27-01-16,green
Kyiv reg,OnAir,KIE REC BLG,30.21694,50.39694,09-11-15,green
Kyiv reg,OnAir,KIE REC BOY,30.27222,50.34528,25-11-15,green
Kyiv reg,OnAir,KIE REC BP3,30.92342,50.36689,10-11-15,green
Kyiv reg,OnAir,KIE REC BP4,31.03111,50.31864,30-10-15,green
Kyiv reg,OnAir,KIE REC BPG,30.93139,50.34806,16-10-15,green
Kyiv reg,OnAir,KIE REC BR3,30.81894,50.52933,24-11-15,green
Kyiv reg,OnAir,KIE REC BR4,30.81722,50.51056,22-12-15,green
Kyiv reg,OnAir,KIE REC BR5,30.79631,50.52797,14-01-16,green
Kyiv reg,OnAir,KIE REC BR8,30.97419,50.33936,03-11-15,green
Kyiv reg,OnAir,KIE REC BRP,30.95828,50.36675,16-12-15,green
Kyiv reg,OnAir,KIE REC BU2,30.20367,50.55894,14-01-16,green
Kyiv reg,OnAir,KIE REC BU3,30.23639,50.54806,09-11-15,green
Kyiv reg,OnAir,KIE REC BUC,30.21667,50.5475,19-01-16,green
Kyiv reg,OnAir,KIE REC BY2,30.28167,50.32972,26-10-15,green
Kyiv reg,OnAir,KIE REC BY3,30.30389,50.31556,26-10-15,green
Kyiv reg,OnAir,KIE REC BY4,30.30389,50.34389,26-10-15,green
Kyiv reg,OnAir,KIE REC CHB,30.42867,50.34506,08-12-15,green
Kyiv reg,OnAir,KIE REC DM1,30.66861,50.29972,16-10-15,green
Kyiv reg,OnAir,KIE REC DM2,30.72056,50.26833,16-10-15,green
Kyiv reg,OnAir,KIE REC DM5,30.75278,50.22528,23-12-15,green
Kyiv reg,OnAir,KIE REC DMI,30.54225,50.19275,01-12-15,green
Kyiv reg,OnAir,KIE REC DRV,30.68444,50.11222,29-10-15,green
Kyiv reg,OnAir,KIE REC FIS,30.39978,50.38981,29-10-15,green
Kyiv reg,OnAir,KIE REC GES,30.48631,50.60878,21-10-15,green
Kyiv reg,OnAir,KIE REC GLV,30.30861,50.26028,29-03-16,green
Kyiv reg,OnAir,KIE REC GND,30.71419,50.33775,16-12-15,green
Kyiv reg,OnAir,KIE REC GOS,30.27444,50.56667,21-12-15,green
Kyiv reg,OnAir,KIE REC GOZ,30.57147,50.23803,28-12-15,green
Kyiv reg,OnAir,KIE REC GS2,30.25639,50.58667,21-10-15,green
Kyiv reg,OnAir,KIE REC HOD,30.51283,50.27675,04-12-15,green
Kyiv reg,OnAir,KIE REC HOT,30.56417,50.59611,02-11-15,green
Kyiv reg,OnAir,KIE REC HTV,30.45772,50.32539,08-12-15,green
Kyiv reg,OnAir,KIE REC IR3,30.24528,50.53361,21-10-15,green
Kyiv reg,OnAir,KIE REC IR4,30.21517,50.522,21-10-15,green
Kyiv reg,OnAir,KIE REC IVN,31.07389,50.30889,24-12-15,green
Kyiv reg,OnAir,KIE REC KAL,30.84139,50.5525,08-12-15,green
Kyiv reg,OnAir,KIE REC KNZ,30.8475,50.50528,26-10-15,green
Kyiv reg,OnAir,KIE REC KON,30.70661,50.13708,04-11-15,green
Kyiv reg,OnAir,KIE REC KOP,29.89639,50.41806,04-11-15,green
Kyiv reg,OnAir,KIE REC KRU,30.45333,50.30278,28-12-15,green
Kyiv reg,OnAir,KIE REC KZ2,30.66556,50.20806,04-12-15,green
Kyiv reg,OnAir,KIE REC KZ3,30.64972,50.22956,10-11-15,green
Kyiv reg,OnAir,KIE REC KZ4,30.62083,50.26861,30-11-15,green
Kyiv reg,OnAir,KIE REC KZC,30.78667,50.45083,27-11-15,green
Kyiv reg,OnAir,KIE REC KZN,30.69519,50.22447,13-11-15,green
Kyiv reg,OnAir,KIE REC LES,30.52531,50.29631,04-12-15,green
Kyiv reg,OnAir,KIE REC LN2,30.91,50.37,23-12-15,green
Kyiv reg,OnAir,KIE REC LSB,30.23611,50.56361,04-12-15,green
Kyiv reg,OnAir,KIE REC LU2,30.39867,50.67303,04-11-15,green
Kyiv reg,OnAir,KIE REC MAK,29.8125,50.46083,27-11-15,green
Kyiv reg,OnAir,KIE REC MAL,30.26825,50.28544,09-11-15,green
Kyiv reg,OnAir,KIE REC MIK,30.44875,50.58086,18-11-15,green
Kyiv reg,OnAir,KIE REC MIL,30.17519,50.43853,21-12-15,green
Kyiv reg,OnAir,KIE REC MRC,30.11667,50.57722,04-12-15,green
Kyiv reg,OnAir,KIE REC MRI,30.11039,50.43644,10-11-15,green
Kyiv reg,OnAir,KIE REC MZ2,30.47528,50.61172,16-10-15,green
Kyiv reg,OnAir,KIE REC NBE,30.62225,50.18772,13-11-15,green
Kyiv reg,OnAir,KIE REC NO2,30.53389,50.29536,13-11-15,green
Kyiv reg,OnAir,KIE REC NOP,30.43489,50.61831,04-12-15,green
Kyiv reg,OnAir,KIE REC NS2,30.65097,50.60197,12-11-15,green
Kyiv reg,OnAir,KIE REC NSL,30.62206,50.62208,06-11-15,green
Kyiv reg,OnAir,KIE REC OB1,30.66631,50.14564,08-12-15,green
Kyiv reg,OnAir,KIE REC OB3,30.62922,50.13128,29-09-15,green
Kyiv reg,OnAir,KIE REC OB4,30.62367,50.11125,29-10-15,green
Kyiv reg,OnAir,KIE REC OBU,30.66667,50.13222,26-10-15,green
Kyiv reg,OnAir,KIE REC PET,30.82456,50.32744,29-10-15,green
Kyiv reg,OnAir,KIE REC PID,30.51947,50.23,03-11-15,green
Kyiv reg,OnAir,KIE REC PLU,30.73522,50.16222,29-10-15,green
Kyiv reg,OnAir,KIE REC PRC,30.79233,50.23397,29-10-15,green
Kyiv reg,OnAir,KIE REC PT3,30.348556,50.428167,12-01-16,green
Kyiv reg,OnAir,KIE REC PTB,30.32222,50.43222,26-10-15,green
Kyiv reg,OnAir,KIE REC PTR,30.31939,50.39428,29-03-16,green
Kyiv reg,OnAir,KIE REC PU2,30.71861,50.58778,11-11-15,green
Kyiv reg,OnAir,KIE REC ROG,31.06055556,50.235,14-12-15,green
Kyiv reg,OnAir,KIE REC STB,30.56906,50.16375,13-11-15,green
Kyiv reg,OnAir,KIE REC STG,30.65364,50.54428,07-12-15,green
Kyiv reg,OnAir,KIE REC STP,30.42264,50.64117,08-12-15,green
Kyiv reg,OnAir,KIE REC SVR,29.97933333,50.40027778,01-12-15,green
Kyiv reg,OnAir,KIE REC TRV,30.319889,50.331083,28-12-15,green
Kyiv reg,OnAir,KIE REC VA2,30.33344,50.16606,04-02-16,green
Kyiv reg,OnAir,KIE REC VAS,30.31314,50.17717,16-10-15,green
Kyiv reg,OnAir,KIE REC VIS,30.49639,50.58833,11-03-16,green
Kyiv reg,OnAir,KIE REC VK1,30.31317,50.21597,30-10-15,green
Kyiv reg,OnAir,KIE REC VK2,30.30872,50.19486,24-11-15,green
Kyiv reg,OnAir,KIE REC VK3,30.31,50.18917,16-10-15,green
Kyiv reg,OnAir,KIE REC VN5,30.36167,50.38333,12-01-16,green
Kyiv reg,OnAir,KIE REC VOL,30.64625,50.326,26-10-15,green
Kyiv reg,OnAir,KIE REC VOR,30.13722,50.51889,16-10-15,green
Kyiv reg,OnAir,KIE REC VPO,30.37361,50.30889,17-11-15,green
Kyiv reg,OnAir,KIE REC VR2,30.17253,50.52658,07-12-15,green
Kyiv reg,OnAir,KIE REC VR3,30.17214,50.53711,12-11-15,green
Kyiv reg,OnAir,KIE REC VR5,30.16042,50.54939,07-12-15,green
Kyiv reg,OnAir,KIE REC VRZ,30.15019,50.54458,13-11-15,green
Kyiv reg,OnAir,KIE REC VS2,30.68861,50.28472,26-10-15,green
Kyiv reg,OnAir,KIE REC VS4,30.48389,50.57778,09-11-15,green
Kyiv reg,OnAir,KIE REC VS5,30.48833,50.58417,09-11-15,green
Kyiv reg,OnAir,KIE REC VS6,30.49925,50.58094,16-10-15,green
Kyiv reg,OnAir,KIE REC VS7,30.37961,50.38681,04-12-15,green
Kyiv reg,OnAir,KIE REC VS8,30.37,50.38167,19-11-15,green
Kyiv reg,OnAir,KIE REC VSH,30.70806,50.31306,23-12-15,green
Kyiv reg,OnAir,KIE REC VSN,30.71611,50.30528,08-12-15,green
Kyiv reg,OnAir,KIE REC VT3,30.38347,50.31206,22-12-15,green
Kyiv reg,OnAir,KIE REC VTP,30.37811,50.32431,30-09-15,green
Kyiv reg,OnAir,KIE REC YAL,30.75983,50.48525,26-10-15,green
Kyiv reg,OnAir,KIE REC ZAZ,30.65764,50.56806,30-10-15,green
Kyiv reg,OnAir,KIE REC ZHO,30.62611,50.26278,26-10-15,green
Kyiv reg,OnAir,KIE REC ZLT,30.63297,50.25506,17-11-15,green
Kyiv reg,OnAir,KIE TRI MSH,30.57758,50.23872,26-10-15,green
Kyiv reg,OnAir,KIE UKR DAN,30.750583,50.155528,25-02-16,green
Kyiv reg,OnAir,KIE UKR SOS,30.7455,50.15344,23-12-15,green
Kyiv reg,OnAir,KIE VIS MKM,30.46525,50.595139,16-10-15,green
Kyiv reg,OnAir,KIE VIS NDS,30.47314,50.58011,12-01-16,green
Kyiv reg,OnAir,KIE VIS VSG,30.48128,50.59219,10-12-15,green
Kyiv reg,OnAir,KIE VYS GRH,30.36556,50.37917,11-12-15,green
Kyiv reg,OnAir,KIE VYS KIE,30.34589,50.38436,30-10-15,green
Kyiv reg,OnAir,KIE VYS KRB,30.32889,50.37278,08-12-15,green
Kyiv reg,OnAir,KIE VYS LOM,30.365917,50.391333,26-01-16,green
Kyiv reg,OnAir,KIE VYS RUS,30.37272,50.3915,29-12-15,green
Kyiv reg,OnAir,KIE VYS VN8,30.36694,50.39917,03-11-15,green
Kyiv reg,OnAir,KIE VYS ZHU,30.4195,50.39544,21-10-15,green
Kyiv reg,Not,KIE BOR KIE,30.951167,50.35175,29-03-16,orange
Kyiv reg,Not,KIE BOR KVP,30.965294,50.342773,22-05-16,orange
Kyiv reg,Not,KIE BOY LEN,30.293722,50.334639,10-04-16,orange
Kyiv reg,Not,KIE BOY PIP,30.31767,50.30775,28-05-16,orange
Kyiv reg,Not,KIE BOY YAB,30.293556,50.342806,31-03-16,orange
Kyiv reg,Not,KIE BUC DEP,30.19392,50.54417,01-04-16,orange
Kyiv reg,Not,KIE BUC KOM,30.211736,50.552717,16-06-16,orange
Kyiv reg,Not,KIE BUC SHE,30.257222,50.555583,16-06-16,orange
Kyiv reg,Not,KIE GLE TRA,30.34425,50.28125,25-04-16,orange
Kyiv reg,Not,KIE GOS AIR,30.21236,50.591,24-05-16,orange
Kyiv reg,Not,KIE GOS LEN,30.320778,50.554917,16-06-16,orange
Kyiv reg,Not,KIE IRP 9LN,30.258833,50.538056,28-05-16,orange
Kyiv reg,Not,KIE KOZ KON,30.64117,50.23539,01-04-16,orange
Kyiv reg,Not,KIE KRU GET,30.379223,50.375265,16-06-16,orange
Kyiv reg,Not,KIE M17 MAK,29.79306,50.43083,25-04-16,orange
Kyiv reg,Not,KIE M20 VAS,30.33083,50.18111,20-04-16,orange
Kyiv reg,Not,KIE OBU KVS,30.633543,50.116308,30-04-16,orange
Kyiv reg,Not,KIE OBU RRS,30.61222,50.11272,10-04-16,orange
Kyiv reg,Not,KIE REC GN2,30.70858,50.32806,20-04-16,orange
Kyiv reg,Not,KIE REC HDS,30.53472,50.27083,21-06-16,orange
Kyiv reg,Not,KIE REC KAP,30.19083,50.44389,20-04-16,orange
Kyiv reg,Not,KIE REC LS2,30.50186,50.30425,03-03-16,orange
Kyiv reg,Not,KIE REC MUZ,30.13619,50.35206,17-07-15,orange
Kyiv reg,Not,KIE SBR KIE,30.741916,50.149192,10-04-16,orange
Kyiv reg,Not,KIE VAS DEC,30.314713,50.20362,08-04-16,orange
Kyiv reg,Not,KIE VAS FRU,30.314056,50.190944,21-04-16,orange
Kyiv reg,Not,KIE VIS KAR,30.48722,50.58028,30-05-16,orange
Kyiv reg,Not,KIE VYS ZHO,30.380306,50.392611,15-05-16,orange
Kyiv reg,Not,KIE KIE,30.30287,50.18566,28-04-16,orange
Kyiv reg,Not,KIE KIE,30.28098,50.24572,15-05-16,orange
Kyiv reg,Not,KIE KIE,30.32558,50.25592,15-05-16,orange
Kyiv reg,Not,KIE KIE,30.13798,50.5361,28-05-16,orange
Kyiv reg,Not,KIE KIE,30.23525,50.39146,30-05-16,orange
Kyiv reg,Not,KIE KIE,30.20844,50.51452,30-05-16,orange
Kyiv reg,Not,KIE KIE,30.25409,50.52612,10-06-16,orange
Kyiv reg,Not,KIE KIE,30.22164,50.53889,11-06-16,orange
Kyiv reg,Not,KIE KIE,30.21142,50.56698,16-06-16,orange
Kyiv reg,Not,KIE KIE,30.23087,50.5141,16-06-16,orange
Kyiv reg,Not,KIE KIE,30.26598,50.57516,16-06-16,orange
Kyiv reg,Not,KIE KIE,30.29067,50.35207,16-06-16,orange
Kyiv reg,Not,KIE KIE,30.33385,50.40403,16-06-16,orange
Kyiv reg,Not,KIE KIE,30.31977,50.43739,16-06-16,orange
Kyiv reg,Not,KIE KIE,30.30577,50.28995,16-06-16,orange
Kyiv reg,Not,KIE KIE,30.3371,50.55251,16-06-16,orange
Kyiv reg,Not,KIE KIE,30.35733,50.33493,16-06-16,orange
Kyiv reg,Not,KIE KIE,30.37888,50.40007,16-06-16,orange
Kyiv reg,Not,KIE KIE,30.39097,50.39989,16-06-16,orange
Kyiv reg,Not,KIE KIE,30.39598,50.36428,16-06-16,orange
Kyiv reg,Not,KIE KIE,30.35456,50.35851,16-06-16,orange
Kyiv reg,Not,KIE KIE,30.76196,50.51363,19-06-16,orange
Kyiv reg,Not,KIE KIE,30.39403,50.68579,20-06-16,orange
Kyiv reg,Not,KIE KIE,30.48064,50.58123,21-06-16,orange
Kyiv reg,Not,KIE KIE,30.73755,50.15457,21-06-16,orange
Kyiv reg,Not,KIE KIE,30.65116,50.12458,21-06-16,orange
Kyiv reg,Not,KIE KIE,30.79726,50.52147,21-06-16,orange
Kyiv reg,Not,KIE KIE,30.80669,50.51435,21-06-16,orange
Kyiv reg,Not,KIE KIE,30.79144,50.51818,21-06-16,orange
Kyiv reg,Not,KIE KIE,30.80121,50.5019,21-06-16,orange
Kyiv reg,Not,KIE KIE,30.7789,50.49771,21-06-16,orange
Kyiv reg,Not,KIE KIE,30.78196,50.50436,21-06-16,orange
RollOut 2016,OnAir,KIE REC BE3,31.485278,50.308889,31-03-16,green
RollOut 2016,OnAir,KIE REC DIV,31.28916667,50.08594444,04-03-16,green
RollOut 2016,OnAir,KIE REC TT2,29.684167,49.370278,16-03-16,green
RollOut 2016,Not,KIE BRZ FRU,31.44738889,50.31569444,29-03-16,orange
RollOut 2016,Not,KIE BZC DA1,30.09113889,49.81280556,06-04-16,orange
RollOut 2016,Not,KIE BZC DKH,30.15272222,49.78686111,23-04-16,orange
RollOut 2016,Not,KIE BZC GOG,30.12736111,49.79783333,08-04-16,orange
RollOut 2016,Not,KIE BZC GON,30.10486111,49.80738889,06-04-16,orange
RollOut 2016,Not,KIE BZC LEV,30.16697222,49.78530556,04-04-16,orange
RollOut 2016,Not,KIE BZC PRI,30.11022222,49.81130556,11-04-16,orange
RollOut 2016,Not,KIE BZC ROS,30.18847222,49.78444444,23-04-16,orange
RollOut 2016,Not,KIE BZC SEM,30.08127778,49.81080556,27-04-16,orange
RollOut 2016,Not,KIE BZC SHO,30.11666667,49.80111111,13-04-16,orange
RollOut 2016,Not,KIE BZC TIM,30.12591667,49.775,15-04-16,orange
RollOut 2016,Not,KIE BZC TUR,30.07033333,49.81841667,08-04-16,orange
RollOut 2016,Not,KIE CHN SL2,30.753,51.52194444,31-03-16,orange
RollOut 2016,Not,KIE CHN SLV,30.74575,51.52069444,01-04-16,orange
RollOut 2016,Not,KIE FAS FS5,29.94866667,50.07311111,25-04-16,orange
RollOut 2016,Not,KIE FAS INT,29.91191667,50.07788889,25-04-16,orange
RollOut 2016,Not,KIE FAS RUS,29.92305556,50.08277778,25-04-16,orange
RollOut 2016,Not,KIE M19 BER,31.47111111,50.30083333,06-04-16,orange
RollOut 2016,Not,KIE M19 YAG,31.76916667,50.2675,13-04-16,orange
RollOut 2016,Not,KIE M20 BZ4,30.095,49.78138889,11-04-16,orange
RollOut 2016,Not,KIE M20 BZC,30.12305556,49.80111111,13-04-16,orange
RollOut 2016,Not,KIE M20 BZH,30.0805,49.8145,15-04-16,orange
RollOut 2016,Not,KIE M20 BZR,30.14072222,49.81355556,18-04-16,orange
RollOut 2016,Not,KIE PHM BHM,31.44363889,50.06397222,06-04-16,orange
RollOut 2016,Not,KIE REC BA2,31.29919,50.36011,20-04-16,orange
RollOut 2016,Not,KIE REC BAR,31.32778,50.36528,04-04-16,orange
RollOut 2016,Not,KIE REC BOR,30.10306,50.18472,06-04-16,orange
RollOut 2016,Not,KIE REC BZ6,30.10722222,49.79583333,18-04-16,orange
RollOut 2016,Not,KIE REC BZ7,30.13,49.78583333,20-04-16,orange
RollOut 2016,Not,KIE REC FS2,29.91416667,50.07277778,21-04-16,orange
RollOut 2016,Not,KIE REC FS3,29.90722222,50.08361111,21-04-16,orange
RollOut 2016,Not,KIE REC FS4,29.925,50.07694444,21-04-16,orange
RollOut 2016,Not,KIE REC GAV,30.21472,50.69278,04-04-16,orange
RollOut 2016,Not,KIE REC IK2,30.43861,50.28583,31-03-16,orange
RollOut 2016,Not,KIE REC NEM,30.09639,50.56639,13-04-16,orange
RollOut 2016,Not,KIE REC PHM,31.43833333,50.07138889,11-04-16,orange
RollOut 2016,Not,KIE REC PRY,30.11527778,51.39075,04-04-16,orange
RollOut 2016,Not,KIE REC RZN,30.72694,50.66333,11-04-16,orange
RollOut 2016,Not,KIE REC SAD,31.51888889,50.32777778,11-04-16,orange
RollOut 2016,Not,KIE REC STA,30.88878,50.08733,25-04-16,orange
RollOut 2016,Not,KIE REC TET,29.69583333,49.35861111,04-04-16,orange
RollOut 2016,Not,KIE REC ZGR,31.77416667,50.49722222,13-04-16,orange
RollOut 2016,Not,KIE SLA DN6,30.75494444,51.51597222,31-03-16,orange
RollOut 2016,Not,KIE SLA DN9,30.76138889,51.52333333,11-04-16,orange
RollOut 2016,Not,KIE SLA GD2,30.76391667,51.51883333,21-04-16,orange
RollOut 2016,Not,KIE YAG KOR,31.80580556,50.24425,15-04-16,orange
RollOut 2016,Not,KIE YAG KUZ,31.77502778,50.24416667,18-04-16,orange
RollOut 2016,Not,KIE YAG SHE,31.76591667,50.28502778,20-04-16,orange
